tree
version=v4
num_class=1
num_tree_per_iteration=1
label_index=0
max_feature_idx=6
objective=binary sigmoid:1
feature_names=failure_reason_code days_to_payday attempt_number ticket_size_paise merchant_category_code days_since_last_success mandate_age_days
feature_infos=-1:0:1:2 [0:30] [1:4] [5505:4998680] -1:0:1:2:3:4 [0:180] [1:1095]
tree_sizes=3260 3348 3379 3328 3408 3335 3364 3322 3416 3381 3343 3380 3339 3411 3351 3388 3351 3356 3347 3379 3346 3362 3343 3380 3417 3359 3376 3363 3409 3371 3331 3341 3355 3416 3391 3345 3379 3382 3370 3360 3416 3396 3363 3373 3411 3382 3379 3377 3371 3356 3351 3378 3361 3401 3375 3372 3359 3395 3360 3372 3369 3394 3381 3407 3388 3370 3379 3381 3381 3384 3388 3413 3389 3378 3388 3380 3397 3402 3397 3399 3402 3400 3397 3409 3411 3392 3392 3413 3409

Tree=0
num_leaves=31
num_cat=4
split_feature=0 1 0 0 4 1 5 6 6 1 1 2 5 5 2 6 6 6 1 1 6 1 5 1 5 5 5 5 1 5
split_gain=578.607 152.358 109.509 38.0475 36.9699 24.5006 21.0034 12.1962 10.9524 11.3738 10.834 8.90087 8.04997 6.04369 5.71441 5.198 4.82688 4.28667 4.10887 4.93512 3.39387 2.87079 2.39112 2.89558 2.1129 1.69385 1.43648 3.14532 1.12814 1.00931
threshold=0 4.5000000000000009 1 2 3 7.5000000000000009 105.50000000000001 302.50000000000006 891.50000000000011 5.5000000000000009 23.500000000000004 2.5000000000000004 23.500000000000004 37.500000000000007 2.5000000000000004 316.50000000000006 296.50000000000006 577.50000000000011 2.5000000000000004 1.0000000180025095e-35 115.50000000000001 6.5000000000000009 31.500000000000004 5.5000000000000009 14.500000000000002 129.50000000000003 93.500000000000014 37.500000000000007 5.5000000000000009 43.500000000000007
decision_type=1 2 1 1 1 2 2 2 2 2 2 2 2 2 2 2 2 2 2 2 2 2 2 2 2 2 2 2 2 2
left_child=4 2 7 5 13 16 11 26 9 -8 25 20 -9 14 15 -1 29 -13 19 -14 -6 22 -18 -24 -17 -11 27 -2 -26 -3
right_child=1 3 -4 -5 6 -7 8 12 -10 10 -12 17 18 -15 -16 24 21 -19 -20 -21 -22 -23 23 -25 28 -27 -28 -29 -30 -31
leaf_value=-1.0325910475958098 -1.0240303901048127 -1.0270447960240645 -1.0694098799338105 -1.0704651171555346 -0.99582052822421541 -1.0527935973298781 -1.0285764897883665 -1.0131566491040365 -0.97082906624150889 -1.0030748824051274 -1.019349010622377 -0.98039910774129957 -1.0022237219485965 -0.99792998763397556 -1.0392084027409136 -0.99842082640503615 -1.0425719551122641 -1.0071592213989637 -1.00153835648891 -0.9713305085942211 -0.96761177338593818 -1.0461617389768265 -1.0368895485369132 -1.0134445640415344 -1.0260951993000142 -0.98321706171461909 -1.0294478773167739 -1.0007921226564678 -1.0107922245618552 -1.0123219315352381
leaf_weight=12.600600346922873 13.957588076591497 8.1419263780117053 26.752043813467026 97.896971926093102 8.3357817679643613 303.18982988595963 12.019034177064894 18.416262045502663 12.600600346922873 10.662046447396277 14.345298856496809 13.376021906733515 10.080480277538301 10.662046447396277 12.600600346922873 9.4989141076803225 8.9173479378223437 13.76373268663883 20.354815945029259 18.997828215360641 78.123722150921822 17.640840485692024 8.1419263780117035 9.1112033277750015 7.9480709880590465 27.527465373277664 7.948070988059043 8.1419263780117017 10.662046447396277 8.9173479378223401
leaf_count=65 72 42 138 505 43 1564 62 95 65 55 74 69 52 55 65 49 46 71 105 98 403 91 42 47 41 142 41 42 55 46
internal_value=-1.02955 -1.04594 -1.01659 -1.05388 -0.991883 -1.04932 -0.985685 -1.00191 -0.996272 -1.00207 -0.996146 -0.974971 -0.994904 -1.01929 -1.02207 -1.01668 -1.03191 -0.99267 -0.988576 -0.980755 -0.969908 -1.03716 -1.03073 -1.02427 -1.0097 -0.987928 -1.01835 -1.01457 -1.01679 -1.01879
internal_weight=841.332 586.606 124.649 461.957 254.726 364.06 190.754 97.897 77.1544 64.5538 52.5348 113.599 67.8494 63.9723 53.3102 40.7096 60.8706 27.1398 49.4331 29.0783 86.4595 43.8113 26.1705 17.2531 28.109 38.1895 30.0476 22.0995 18.6101 17.0593
internal_count=4340 3026 643 2383 1314 1878 984 505 398 333 271 586 350 330 275 210 314 140 255 150 446 226 135 89 145 197 155 114 96 88
cat_boundaries=0 1 2 3 4
cat_threshold=2 1 1 2
is_linear=0
shrinkage=1


Tree=1
num_leaves=31
num_cat=4
split_feature=0 1 0 0 4 1 2 3 6 3 3 6 6 3 1 2 3 1 3 3 6 3 1 2 6 1 3 1 3 1
split_gain=540.826 158.817 99.0062 36.0748 32.654 16.6627 16.2736 11.7621 10.3008 6.63622 6.51787 5.32143 4.96737 4.27457 3.35755 5.50331 4.9575 3.57491 3.13596 2.93618 1.67737 1.41026 1.37231 1.14558 1.12091 0.854221 0.84681 3.54981 2.7414 3.01004
threshold=0 4.5000000000000009 1 2 3 7.5000000000000009 2.5000000000000004 683944.00000000012 249.50000000000003 3786341.5000000005 1846167.5000000002 70.500000000000014 302.50000000000006 2835317.0000000005 5.5000000000000009 2.5000000000000004 2099042.5000000005 2.5000000000000004 780952.50000000012 4605662.5000000009 602.50000000000011 3079455.0000000005 2.5000000000000004 1.5000000000000002 736.50000000000011 15.500000000000002 1524620.0000000002 15.500000000000002 2821585.0000000005 10.500000000000002
decision_type=1 2 1 1 1 2 2 2 2 2 2 2 2 2 2 2 2 2 2 2 2 2 2 2 2 2 2 2 2 2
left_child=4 2 8 5 14 7 11 -3 -2 18 25 -6 21 -12 17 16 -16 -1 -10 -13 -19 -9 -11 26 -15 -8 27 -7 -28 -30
right_child=1 3 -4 -5 6 23 10 12 9 22 13 19 -14 24 15 -17 -18 20 -20 -21 -22 -23 -24 -25 -26 -27 28 -29 29 -31
leaf_value=0.014327729054182605 0.010814633965739166 0.023683647805693368 -0.038718516639994288 -0.039877420405974202 0.022339257220833013 -0.025268089997629056 0.03061717195234917 0.01160392995268455 0.020192061693826011 0.023102512926633234 -2.9379829895567443e-05 0.052005568483851801 -0.016852393187976246 0.018194610530968412 0.042628171879967224 -0.00093211087352159251 0.013581611017537219 0.0048214951261273979 0.041677960807312738 0.029888982927247829 -0.013640854220795652 -0.0054563023990294229 0.0057743738226857409 -0.024135928843306863 0.034729023616742863 0.052467140635247454 -0.027944755756354005 -0.0074257895676644349 -0.0038986797477246781 -0.020342465599188942
leaf_weight=17.145703092217445 26.50902171432972 9.8828440904617292 24.53931400179863 97.726342737674713 8.6438269615173322 17.450979351997375 10.860732436180117 7.7907762974500638 10.440800562500952 9.4549735635519045 8.052462190389635 128.1176610738039 34.772048190236092 15.376457810401918 9.1869070082902926 9.0872154831886274 14.069217294454573 7.7849792987108222 46.264096394181252 10.535643085837362 8.2064159214496595 7.7903051972389221 8.2246253192424756 161.27773225307465 8.2536164820194227 8.0931445956230146 38.162031769752502 24.738201498985291 13.232061266899107 48.709326982498169
leaf_count=88 136 51 129 514 44 91 55 40 53 48 41 646 180 78 47 47 72 40 235 53 42 40 42 841 42 41 199 129 69 254
internal_value=0.000448482 -0.0155771 0.0142712 -0.0237024 0.0360822 -0.0192601 0.0418045 -0.00475299 0.0274128 0.0331061 0.0282611 0.0490573 -0.0106868 0.0189418 0.0105422 0.0188797 0.0263403 0.00517795 0.0381403 0.0505511 -0.00489816 0.00325944 0.0157821 -0.0221136 0.0251454 0.0421088 -0.019669 -0.0152202 -0.0213748 -0.0169475
internal_weight=850.379 586.965 125.433 461.533 263.414 363.806 197.934 60.236 100.894 74.3845 50.6364 147.297 50.3531 31.6825 65.4804 32.3433 23.2561 33.1371 56.7049 138.653 15.9914 15.5811 17.6796 303.57 23.6301 18.9539 142.293 42.1892 100.103 61.9414
internal_count=4387 3051 643 2408 1336 1894 1000 311 514 378 257 743 260 161 336 166 119 170 288 699 82 80 90 1583 120 96 742 220 522 323
cat_boundaries=0 1 2 3 4
cat_threshold=2 1 1 2
is_linear=0
shrinkage=0.03


Tree=2
num_leaves=31
num_cat=3
split_feature=0 0 4 2 3 6 5 5 2 5 5 3 3 3 5 5 6 6 6 3 5 5 3 6 6 3 6 6 5 3
split_gain=499.177 101.176 37.0571 17.42 9.81838 8.27204 7.83145 6.72139 5.44238 4.52574 4.16067 4.01279 3.95757 3.36277 3.0075 2.98879 2.83194 2.7713 3.19632 3.14314 2.63977 4.80207 3.34778 6.63699 6.41615 2.61762 2.55129 2.31974 2.15126 3.11947
threshold=0 1 2 2.5000000000000004 4697569.5000000009 75.500000000000014 51.500000000000007 105.50000000000001 2.5000000000000004 99.500000000000014 123.50000000000001 4421952.0000000009 1926088.0000000002 4801733.0000000009 14.500000000000002 17.500000000000004 917.50000000000011 420.50000000000006 840.50000000000011 2622847.0000000005 39.500000000000007 42.500000000000007 2535880.0000000005 824.50000000000011 525.50000000000011 1104928.0000000002 736.50000000000011 187.50000000000003 140.50000000000003 3597990.0000000005
decision_type=1 1 1 2 2 2 2 2 2 2 2 2 2 2 2 2 2 2 2 2 2 2 2 2 2 2 2 2 2 2
left_child=2 9 8 4 5 -4 -5 -7 14 11 -11 15 -8 -13 -1 17 28 27 19 -19 22 -22 23 24 25 -17 -14 -2 29 -12
right_child=1 -3 3 6 -6 7 12 -9 -10 10 16 13 26 -15 -16 20 -18 18 -20 -21 21 -23 -24 -25 -26 -27 -28 -29 -30 -31
leaf_value=0.025858604402173687 -0.013649612244861083 -0.039564103640379211 0.020027800764787784 0.044172481225551459 0.015188404202281723 0.057346577329861315 0.030533034013999798 0.040820100695046185 -0.0048265007498952623 -0.020202932257061445 -0.010976416080552847 -0.022482906762362666 0.0019731225795528804 -0.0027341177163596139 0.0093225623852653105 -0.0084716934548779432 0.00025592793102974335 -0.030133861934399798 -0.0036320269258338957 -0.0094597455711089226 -0.022555751310325167 -0.0036630347003027094 -0.0059148839551140834 -0.013934728966802213 0.031866199412303987 0.012315208968510781 0.022156508433506604 0.0053805619620392441 -0.0146057331342269 0.0094819375503595003
leaf_weight=14.396007508039473 8.2953595072031039 122.30377870798111 9.9432189315557462 14.559938028454779 9.2437005341052991 79.757861122488976 12.880632817745207 51.160726130008698 16.858565345406532 48.423740401864052 20.705540612339977 22.861581236124039 15.240261897444727 11.95390811562538 33.783350676298141 8.6703367829322868 21.322126910090446 14.551781907677652 15.552360221743582 13.826753392815588 12.899782508611677 99.349920645356178 31.271600887179375 9.482783839106558 10.295892119407652 11.639306411147116 8.1564599871635419 14.24563357234001 70.237124130129814 8.8179126530885679
leaf_count=73 43 656 50 73 46 391 64 254 87 253 108 119 77 62 172 45 111 76 81 72 67 517 162 49 53 60 41 74 367 46
internal_value=0.000225735 -0.0154524 0.03415 0.0400165 0.0472196 0.0491997 0.025967 0.0512467 0.00836681 -0.00889002 -0.0127762 -0.00654127 0.0176712 -0.0159678 0.0146889 -0.00517056 -0.00966487 -0.0105801 -0.0148898 -0.0207258 -0.00316546 -0.00601419 0.00133681 0.0069999 0.0137219 0.00346001 0.00962913 -0.0019051 -0.0117668 -0.00475556
internal_weight=842.688 576.707 265.981 200.943 150.106 140.862 50.8373 130.919 65.0379 454.403 169.506 284.897 36.2774 34.8155 48.1794 250.082 121.083 66.4719 43.9309 28.3785 183.61 112.25 71.3599 40.0883 30.6055 20.3096 23.3967 22.541 99.7606 29.5235
internal_count=4349 3021 1328 996 741 695 255 645 332 2365 885 1480 182 181 245 1299 632 346 229 148 953 584 369 207 158 105 118 117 521 154
cat_boundaries=0 1 2 3
cat_threshold=2 1 2
is_linear=0
shrinkage=0.03


Tree=3
num_leaves=31
num_cat=4
split_feature=0 1 0 0 4 1 5 6 6 6 3 5 3 3 3 6 6 1 1 1 1 1 5 5 5 6 6 1 5 3
split_gain=443.331 127.873 94.272 34.4629 22.415 19.7713 11.2474 9.81099 9.48957 8.01656 7.43873 6.6474 5.62914 5.57179 5.41557 5.02826 2.83 2.78702 3.74044 5.31154 5.78452 2.52687 2.28385 5.48003 1.82456 1.35448 1.36584 1.33301 2.24622 1.72912
threshold=0 4.5000000000000009 1 2 3 6.5000000000000009 127.50000000000001 330.50000000000006 75.500000000000014 848.50000000000011 3786341.5000000005 62.500000000000007 4605662.5000000009 918942.50000000012 2404769.5000000005 253.50000000000003 654.50000000000011 24.500000000000004 18.500000000000004 12.500000000000002 5.5000000000000009 8.5000000000000018 23.500000000000004 10.500000000000002 38.500000000000007 96.500000000000014 192.50000000000003 7.5000000000000009 47.500000000000007 331706.00000000006
decision_type=1 2 1 1 1 2 2 2 2 2 2 2 2 2 2 2 2 2 2 2 2 2 2 2 2 2 2 2 2 2
left_child=4 2 7 5 13 9 8 25 -6 14 11 -9 -10 -1 -3 -8 27 18 19 20 -17 22 23 -15 -16 -2 -27 28 -7 -29
right_child=1 3 -4 -5 6 16 15 10 12 -11 -12 -13 -14 21 24 17 -18 -19 -20 -21 -22 -23 -24 -25 -26 26 -28 29 -30 -31
leaf_value=-0.0078071020334128799 0.00063817755608448832 0.023993396115521346 -0.038065436853506676 -0.039073870744329726 0.012173155200282268 0.0017373076734693499 0.0062661711813167542 0.02579438096390646 0.047162491050251679 -0.021160195675513936 0.012031315794477393 0.049029465885744777 0.0212460934987743 0.018453265038477239 -0.011521632139368953 0.017698526131968314 -0.024331717164721958 0.013711292734526538 0.051124740345120934 0.006878446010261309 0.050475058261501553 0.025276611207867814 0.01774140563582027 -0.012186024107665052 0.0078417313949797392 0.020959768897677627 0.0048953430142393362 -0.031388699574051389 -0.019554901056850444 -0.017986118856675334
leaf_weight=11.040909111499785 9.3765169680118579 12.607074066996576 26.150808557868004 91.696792900562286 9.2544176280498487 8.4698120802640933 9.8783557564020139 29.9598029255867 119.06561172008514 8.8402189612388593 15.578968688845633 22.996856585144997 10.58427122235298 9.260730594396593 7.6597145646810514 11.311392277479177 132.29338340461254 9.492149889469145 9.424878001213072 9.0332601070404035 10.465714499354361 14.982221260666845 18.075835406780243 9.8016784340143186 7.8951043337583542 11.310105338692667 9.0389897078275663 10.401004895567892 8.0784008502960187 161.96737386286259
leaf_count=56 48 65 143 502 46 44 49 150 576 46 79 115 52 47 40 56 700 47 46 44 51 76 92 50 41 58 46 55 42 858
internal_value=-0.000504126 -0.0152476 0.0116008 -0.0226811 0.0317899 -0.0183878 0.036486 0.0250691 0.0431262 0.00232192 0.0312733 0.0366061 0.0452256 0.00952138 0.010166 0.0265756 -0.0207732 0.030407 0.0339178 0.0272125 0.0349749 0.0150624 0.0103871 0.00287675 -0.00181343 0.0102124 0.0143876 -0.0181663 -0.00917901 -0.0189712
internal_weight=835.992 574.321 124.412 449.909 261.671 358.212 198.51 98.2612 138.904 37.0021 68.5356 52.9567 129.65 63.1614 28.1619 59.6058 321.21 49.7274 40.2352 30.8104 21.7771 52.1205 37.1382 19.0624 15.5548 29.7256 20.3491 188.917 16.5482 172.368
internal_count=4320 3032 639 2393 1288 1891 967 496 674 192 344 265 628 321 146 293 1699 244 197 151 107 265 189 97 81 152 104 999 86 913
cat_boundaries=0 1 2 3 4
cat_threshold=2 1 1 2
is_linear=0
shrinkage=0.03


Tree=4
num_leaves=31
num_cat=1
split_feature=1 4 2 6 5 3 6 3 1 1 3 5 1 6 3 3 3 3 3 3 3 1 3 5 6 5 1 3 1 3
split_gain=79.5298 44.4571 14.5791 11.6406 7.8223 10.7136 6.03875 5.45346 4.57322 5.21106 4.19465 4.18375 3.95424 6.21956 3.88244 4.27669 3.62561 4.7969 4.7636 4.71453 4.23546 3.51584 3.45533 3.4395 3.29915 3.27661 7.2373 3.09747 2.75329 4.26024
threshold=4.5000000000000009 0 1.5000000000000002 330.50000000000006 57.500000000000007 3786341.5000000005 908.50000000000011 2404769.5000000005 10.500000000000002 17.500000000000004 1226936.5000000002 18.500000000000004 7.5000000000000009 588.50000000000011 629400.00000000012 4294946.0000000009 1296706.5000000002 2956766.0000000005 4199363.5000000009 1942967.5000000002 3597990.0000000005 9.5000000000000018 1375009.5000000002 91.500000000000014 164.50000000000003 101.50000000000001 11.500000000000002 1676389.5000000002 15.500000000000002 2382413.0000000005
decision_type=2 1 2 2 2 2 2 2 2 2 2 2 2 2 2 2 2 2 2 2 2 2 2 2 2 2 2 2 2 2
left_child=1 -1 8 23 -5 6 7 10 11 14 -6 -2 13 22 -10 -16 -13 19 20 -18 -19 -14 -4 -3 -25 -23 -27 -15 -28 -30
right_child=2 3 12 4 5 -7 -8 -9 9 -11 -12 16 21 27 15 -17 17 18 -20 -21 -22 25 -24 24 -26 26 28 -29 29 -31
leaf_value=-0.0016655420232696409 -0.0074080069055524585 0.024474122241946061 0.022212638425858838 0.052401434790841882 0.031597665854331949 0.0029136866302611271 0.055900958196320585 0.045408045465304511 0.006311773330229596 0.00085099254724512277 0.0042919206312220185 0.018492763160322456 -0.019583146890545501 0.0016227618074755887 -0.015348299230664471 0.0041551839364488479 0.0086351366024667846 0.0040235181995134242 -0.0030781984844813048 -0.01601690734086338 0.028882080747468862 -0.0063399091496567223 0.00063863609482047801 0.017107402242249471 -0.0088449910101131048 0.0097680125201348167 -0.025202724092837091 -0.018578107963752418 -0.004630742982229207 -0.018686342923457135
leaf_weight=78.257174506783485 20.044133692979813 15.598536357283594 8.1954570561647397 22.999214813113213 8.9973171800375038 10.81885579228401 11.055340737104414 10.132397621870039 11.961906820535658 123.31273019313812 11.006222963333128 19.804355621337891 35.524209514260292 9.8734042197465914 54.289548486471176 11.932433530688284 11.304903626441957 11.258729919791223 14.361050337553023 15.413458108901976 13.719418376684187 141.60646052658558 24.667431607842445 7.9845094680786115 7.7678773105144501 10.463563621044157 21.786387637257576 20.124837145209312 34.295545667409897 46.409569337964058
leaf_count=400 104 79 42 114 45 55 54 50 62 641 55 101 187 51 285 62 58 58 74 81 70 737 128 41 40 54 116 106 179 244
internal_value=-0.000260668 0.017092 -0.00513056 0.0282995 0.0373488 0.0298295 0.0366622 0.0280358 -0.000349865 -0.00299888 0.0174933 0.00467104 -0.00928161 -0.0024141 -0.009005 -0.0118245 0.00754367 0.00403427 0.0105894 -0.00565107 0.0182635 -0.0107564 0.00651591 0.014911 0.00454561 -0.0094528 -0.0132654 -0.0120915 -0.0156886 -0.0128432
internal_weight=844.967 184.617 660.35 106.36 75.0093 52.0101 41.1913 30.1359 307.403 201.497 20.0035 105.906 352.947 62.8611 78.1839 66.222 85.8619 66.0576 39.3392 26.7184 24.9781 290.086 32.8629 31.3509 15.7524 254.562 112.955 29.9982 102.492 80.7051
internal_count=4373 933 3440 533 373 259 204 150 1596 1050 100 546 1844 327 409 347 442 341 202 139 128 1517 170 160 81 1330 593 157 539 423
cat_boundaries=0 1
cat_threshold=2
is_linear=0
shrinkage=0.03


Tree=5
num_leaves=31
num_cat=4
split_feature=0 1 0 0 2 1 1 4 1 6 3 6 6 6 1 3 1 3 3 6 3 1 3 3 6 6 2 6 3 6
split_gain=465.881 122.495 95.1578 28.2936 25.5742 13.7019 10.8908 6.86976 6.54673 9.53962 9.54512 5.49637 5.29598 5.29327 5.10876 4.96303 2.95716 2.76626 3.76163 2.8123 2.71843 2.65262 2.04713 5.50976 1.93505 1.85628 1.76835 1.63522 1.55717 5.02796
threshold=0 5.5000000000000009 1 2 1.5000000000000002 8.5000000000000018 7.5000000000000009 3 4.5000000000000009 347.50000000000006 4097428.5000000005 891.50000000000011 342.50000000000006 588.50000000000011 23.500000000000004 1487795.0000000002 5.5000000000000009 4199363.5000000009 2477321.5000000005 613.50000000000011 1871027.5000000002 7.5000000000000009 2185807.0000000005 1388711.5000000002 708.50000000000011 875.50000000000011 2.5000000000000004 283.50000000000006 3525787.0000000005 311.50000000000006
decision_type=1 2 1 1 2 2 2 1 2 2 2 2 2 2 2 2 2 2 2 2 2 2 2 2 2 2 2 2 2 2
left_child=4 2 8 6 5 12 15 21 9 -2 22 14 -1 -10 16 -3 26 18 19 -18 -7 -6 23 -11 -14 -26 -9 -22 -8 -30
right_child=1 3 -4 -5 7 20 28 11 13 10 -12 -13 24 -15 -16 -17 17 -19 -20 -21 27 -23 -24 -25 25 -27 -28 -29 29 -31
leaf_value=0.015036537913709321 0.0092651424477207742 0.0098744654317144236 -0.038012886296940628 -0.038628077282768597 -0.0014386664465997031 0.059897976050201675 -0.022831508737653935 0.025727690653971728 0.015986983666914246 0.037801958989498827 0.0030857164949720166 0.045467572235451656 0.045828162818610935 -0.01449553897758365 0.010542272565453514 -0.011753628461120677 0.033553992593716754 0.01439691159778623 0.047267273001241186 0.011160831022889412 0.028312418661833393 0.015433608423494054 0.041064728936065442 0.011546066267240116 0.016681941597151122 0.036575533160850486 0.0061244109004630794 0.04743066734428316 -0.0048148207668872673 -0.021485128230901474
leaf_weight=17.644344046711922 31.961932569742203 13.419781073927878 30.958500698208809 85.950658202171326 20.544404730200768 29.780640304088593 203.88270355761051 8.8073028773069399 11.866910427808763 17.561994507908825 10.738390266895292 16.496029660105705 15.155703336000441 7.5684169083833686 18.018699496984482 27.663054123520851 18.082941457629207 8.222227677702902 17.848034709692001 8.7278254926204664 11.083581656217573 12.995847031474112 27.263165488839149 13.746978208422659 10.900744199752809 11.650636240839956 8.5842985808849317 36.3920027166605 22.373649626970291 66.464251220226288
leaf_count=87 162 69 172 482 105 142 1095 42 61 86 54 79 74 40 88 145 87 40 86 42 54 66 133 67 53 56 42 174 120 357
internal_value=0.000419385 -0.0149404 0.00812787 -0.023275 0.03275 0.0422229 -0.0192182 0.0234309 0.0201769 0.0232143 0.0294236 0.0265967 0.0298478 0.00398816 0.0255799 -0.00462201 0.0292337 0.0328974 0.0359137 0.0269277 0.0505946 0.0041538 0.0341194 0.0269878 0.0362109 0.0280761 0.0169108 0.0436435 -0.021244 -0.0173871
internal_weight=842.356 571.42 151.666 419.754 270.935 132.608 333.803 138.328 120.708 101.272 69.3105 104.787 55.3514 19.4353 88.2913 41.0828 70.2726 52.881 44.6588 26.8108 77.2562 33.5403 58.5721 31.309 37.7071 22.5514 17.3916 47.4756 292.721 88.8379
internal_count=4360 3043 775 2268 1317 640 1786 677 603 502 340 506 270 101 427 214 339 255 215 129 370 171 286 153 183 109 84 228 1572 477
cat_boundaries=0 1 2 3 4
cat_threshold=2 1 1 2
is_linear=0
shrinkage=0.03


Tree=6
num_leaves=31
num_cat=4
split_feature=0 1 0 0 4 1 2 5 5 3 5 3 3 2 3 3 5 5 3 5 3 3 3 3 2 5 3 5 1 2
split_gain=423.455 103.528 75.4277 35.1214 26.5874 15.2172 12.0463 8.04653 8.03301 15.719 5.16796 3.98201 3.92592 2.86799 2.54358 12.6703 4.10657 2.12844 1.99963 2.12684 1.98338 1.79321 3.17943 2.85561 2.08524 1.87619 5.12307 1.7648 1.73346 1.67326
threshold=0 4.5000000000000009 1 2 3 7.5000000000000009 2.5000000000000004 43.500000000000007 105.50000000000001 4605662.5000000009 129.50000000000003 3853831.0000000005 4097428.5000000005 2.5000000000000004 3639158.5000000005 2821585.0000000005 15.500000000000002 121.50000000000001 564154.50000000012 98.500000000000014 871020.00000000012 1524620.0000000002 2220029.5000000005 1375009.5000000002 3.5000000000000004 138.50000000000003 3525787.0000000005 12.500000000000002 8.5000000000000018 1.5000000000000002
decision_type=1 2 1 1 1 2 2 2 2 2 2 2 2 2 2 2 2 2 2 2 2 2 2 2 2 2 2 2 2 2
left_child=4 2 7 5 13 18 8 12 9 -6 -8 -9 20 14 15 16 -1 -10 -3 -20 -2 23 -23 24 29 28 -27 -22 -24 -7
right_child=1 3 -4 -5 6 21 10 11 17 -11 -12 -13 -14 -15 -16 -17 -18 -19 19 -21 27 22 25 -25 -26 26 -28 -29 -30 -31
leaf_value=0.035072339641524945 0.0024985055170988623 0.0095533159914733788 -0.037397186677447437 -0.038320645702756104 0.05113503707035813 -0.013939163679438496 0.0296660928463039 0.034091398714277799 0.017332761287153237 0.0095100790836221416 0.008343149154726677 0.0099251041393654919 -0.0032355099544632239 -0.001258206126078644 0.023305326983418272 -0.021687806173202845 0.0096522576892931044 0.034500673928408908 -0.0017718668315179907 -0.014983992352879998 0.0078934134028458593 -0.030406769962157441 -0.0091210818969681071 -0.0010970985221279664 -0.0025135794301814388 -0.024086355782798299 -0.0011199934265778365 0.023269106104835392 -0.022711478025552172 -0.02410813194424951
leaf_weight=8.1209761351346987 8.0800409615039808 8.0940665751695615 24.388863459229469 91.195638999342918 84.771282240748405 33.025107100605965 37.395399749279022 36.452611401677132 11.155378997325895 9.5939916372299177 15.309424892067907 8.5746982991695386 11.121261090040205 16.726757138967514 14.442493453621863 8.6341615915298444 18.591124147176743 51.482357233762741 37.290593653917313 14.730468824505804 10.714978277683256 35.851938903331757 11.084011465311049 10.138540908694265 7.3471347391605368 17.052948519587517 17.146467462182045 26.741444319486618 116.31158348917961 38.365519657731056
leaf_count=40 40 41 138 522 393 178 180 177 53 46 75 43 56 86 72 43 93 245 195 77 53 195 60 55 40 93 93 131 631 209
internal_value=9.73544e-06 -0.0148972 0.00900128 -0.0217868 0.0303754 -0.0173367 0.0352645 0.0203856 0.0411893 0.0470472 0.023743 0.029805 0.0125128 0.00822593 0.0129938 0.00825528 0.0183672 0.0317636 -0.00354532 -0.0057251 0.0163458 -0.0202098 -0.0219214 -0.0162057 -0.018113 -0.0198634 -0.0129307 0.0191903 -0.0216093 -0.0196615
internal_weight=839.931 563.708 126.074 437.634 276.223 346.438 209.708 101.685 157.003 94.3653 52.7048 45.0273 56.6577 66.5155 49.7888 35.3463 26.7121 62.6377 60.1151 52.0211 45.5365 286.323 197.447 88.8763 78.7378 161.595 34.1994 37.4564 127.396 71.3906
internal_count=4353 3027 638 2389 1326 1867 992 500 737 439 255 220 280 334 248 176 133 298 313 272 224 1554 1072 482 427 877 186 184 691 387
cat_boundaries=0 1 2 3 4
cat_threshold=2 1 1 2
is_linear=0
shrinkage=0.03


Tree=7
num_leaves=31
num_cat=4
split_feature=0 1 0 0 4 2 5 1 5 6 5 1 5 6 6 2 6 5 5 6 5 6 5 6 6 5 5 5 5 6
split_gain=372.545 140.355 92.038 25.4338 16.066 11.7479 10.1894 9.4472 7.59741 6.02554 5.84642 5.80318 5.18892 3.83147 3.45193 3.24751 3.12985 2.85957 3.28092 2.78579 3.23779 4.51177 2.54316 2.07885 3.10777 2.22636 2.02004 1.471 2.97704 1.34291
threshold=0 5.5000000000000009 1 2 3 2.5000000000000004 105.50000000000001 3.5000000000000004 43.500000000000007 886.50000000000011 87.500000000000014 7.5000000000000009 121.50000000000001 230.50000000000003 667.50000000000011 2.5000000000000004 249.50000000000003 35.500000000000007 13.500000000000002 717.50000000000011 137.50000000000003 311.50000000000006 134.50000000000003 681.50000000000011 844.50000000000011 20.500000000000004 30.500000000000004 61.500000000000007 30.500000000000004 262.50000000000006
decision_type=1 2 1 1 1 2 2 2 2 2 2 2 2 2 2 2 2 2 2 2 2 2 2 2 2 2 2 2 2 2
left_child=4 2 7 11 15 6 17 8 13 22 26 27 -8 -2 -15 23 -10 18 -6 20 -14 -22 -7 25 -25 -1 -9 28 -3 -19
right_child=1 3 -4 -5 5 9 12 10 16 -11 -12 -13 19 14 -16 -17 -18 29 -20 -21 21 -23 -24 24 -26 -27 -28 -29 -30 -31
leaf_value=0.010391185609668206 0.0023771543049864951 -0.011812294708515738 -0.037281681869458523 -0.037946071626488491 0.048095458936842791 0.020211905929685241 0.0072795131039676171 0.0089378581677444762 0.019710683696819335 0.043404854325442069 -0.0057132290891789188 -0.020676149941483427 0.0093060986730998576 0.032455296981018823 0.012459334027809844 -0.0011150797648820864 0.04201204821434322 0.034536606460256955 0.024985906227720248 0.042746006257103855 0.046905808296522682 0.018878727686816071 0.0033245583047432632 -0.0071797599667706401 0.015460171631689206 0.027782120978668969 0.026322478883998208 -0.014419569273092483 0.009398870189637993 0.05215910150830718
leaf_weight=14.7553106546402 10.93251660466194 12.995705038309099 28.541001677513123 82.40308777987957 11.157928198575975 32.05106158554554 9.9602217525243741 14.187395989894869 10.445983007550238 8.4989577680826169 14.470552161335943 282.04470053315163 9.536658361554144 16.838167890906334 17.370552569627762 15.157841578125952 29.49328875541687 13.746397912502287 19.944563284516335 16.52388907968998 9.4870534688234347 15.121424421668051 11.189947888255118 8.0450141429901141 13.353602156043051 14.715657800436018 11.989420711994169 17.817959949374199 9.4195908606052381 51.592782884836197
leaf_count=73 55 68 165 482 51 153 47 72 52 40 73 1547 45 82 85 78 140 64 91 77 45 71 55 40 66 73 60 93 49 235
internal_value=0.000262147 -0.0137959 0.0105032 -0.023062 0.0287989 0.0327762 0.0384873 0.0215592 0.0272174 0.0212524 0.0093468 -0.0191507 0.0279603 0.0181225 0.022944 0.00959764 0.0368031 0.0447503 0.0345163 0.031806 0.0254462 0.0310934 0.0160157 0.0146001 0.00700794 0.0197017 0.0175759 -0.00821511 -0.00287799 0.0490281
internal_weight=833.788 558.95 154.269 404.681 274.838 208.811 157.071 125.728 85.0805 51.74 40.6474 322.278 60.6292 45.1412 34.2087 66.0274 39.9393 96.4417 31.1025 50.669 34.1451 24.6085 43.241 50.8696 21.3986 29.471 26.1768 40.2333 22.4153 65.3392
internal_count=4327 3023 784 2239 1304 974 726 619 414 248 205 1757 285 222 167 330 192 441 142 238 161 116 208 252 106 146 132 210 117 299
cat_boundaries=0 1 2 3 4
cat_threshold=2 1 1 2
is_linear=0
shrinkage=0.03


Tree=8
num_leaves=31
num_cat=1
split_feature=1 4 2 5 6 6 5 1 5 3 6 6 3 1 6 6 3 3 3 5 5 5 5 6 6 5 3 6 3 3
split_gain=54.5939 34.4484 12.6752 12.5181 11.066 6.50805 5.92588 6.73233 5.8851 4.92452 4.56659 6.23185 4.21364 4.09256 6.53764 4.01576 3.85756 4.23486 3.65297 3.36732 3.28391 4.55574 4.51149 3.30288 3.25016 2.97995 2.79125 3.05895 2.73618 2.98475
threshold=4.5000000000000009 0 2.5000000000000004 78.500000000000014 739.50000000000011 705.50000000000011 39.500000000000007 10.500000000000002 145.50000000000003 918942.50000000012 743.50000000000011 773.50000000000011 3470459.5000000005 1.5000000000000002 347.50000000000006 622.50000000000011 4697569.5000000009 3292838.5000000005 1241471.5000000002 124.50000000000001 87.500000000000014 138.50000000000003 116.50000000000001 435.50000000000006 769.50000000000011 81.500000000000014 849765.00000000012 762.50000000000011 1375009.5000000002 2167902.5000000005
decision_type=2 1 2 2 2 2 2 2 2 2 2 2 2 2 2 2 2 2 2 2 2 2 2 2 2 2 2 2 2 2
left_child=1 9 5 12 13 6 15 20 18 -1 -7 -12 -3 -5 -15 -2 17 25 26 -20 23 22 -22 -8 -10 -13 27 -4 -11 -30
right_child=2 3 8 4 -6 10 7 -9 24 28 11 16 -14 14 -16 -17 -18 -19 19 -21 21 -23 -24 -25 -26 -27 -28 -29 29 -31
leaf_value=-0.019125075549601057 -0.008169141863797285 0.043787076460926555 -0.015311327999433199 0.019203543309011525 0.034210219577805616 -0.021552029904472289 0.0091939082139211679 -0.00028312976980992893 -0.028553462457255499 0.015567434883678719 0.012608468554450284 -0.004103203477682193 0.021824688586195202 -0.016263076855314199 0.012088859760648232 0.010151755511062868 -0.024045264287010509 0.0023841047794738485 -0.013561427339904506 0.0027845901683823406 0.0076490623631523319 0.017678395795661567 -0.019836450896743331 0.03182972869014216 -0.0066979715133023724 -0.015105260379535515 0.0096981542871501826 0.0070749258178095581 -0.013874876377704248 0.0018224266701367786
leaf_weight=13.307631090283392 83.928851887583733 30.497442796826363 13.739332795143129 15.796032443642614 19.93643707036972 16.561135768890381 14.063988566398622 151.64667782187462 24.234089151024818 8.1356281042098981 14.827518031001089 48.078596174716949 15.115325674414633 11.401461109519007 16.865057319402695 11.464999556541441 10.475780785083769 39.486488178372383 96.304902300238609 12.490651935338972 12.136159762740137 14.425211578607557 8.149207338690756 10.540972143411635 9.0691343545913679 41.819985777139664 13.572869271039961 8.0064946562051755 13.520271256566046 43.034101635217667
leaf_count=69 440 145 73 78 93 87 72 799 133 41 77 252 75 58 83 59 55 208 517 67 63 74 43 53 48 223 72 42 68 218
internal_value=-0.000804567 0.013421 -0.00489325 0.023082 0.0162013 -0.00233901 0.000283236 0.00308691 -0.0117176 -0.00283866 -0.00700448 -0.00531857 0.0371334 0.00747462 0.000488007 -0.00588476 -0.00729515 -0.00576494 -0.00897676 -0.0116765 0.0115646 0.00536772 -0.00380583 0.0197557 -0.0229705 -0.00933113 -0.000567987 -0.00712036 0.000319687 -0.00210615
internal_weight=842.632 187.609 655.023 109.612 63.999 477.606 306.356 210.962 177.417 77.9976 171.25 154.688 45.6128 44.0626 28.2665 95.3939 139.861 129.385 144.114 108.796 59.3155 34.7106 20.2854 24.605 33.3032 89.8986 35.3187 21.7458 64.69 56.5544
internal_count=4385 928 3457 532 312 2505 1603 1104 952 396 902 815 220 219 141 499 738 683 771 584 305 180 106 125 181 475 187 115 327 286
cat_boundaries=0 1
cat_threshold=2
is_linear=0
shrinkage=0.03


Tree=9
num_leaves=31
num_cat=3
split_feature=0 0 4 5 3 6 2 2 5 3 3 5 6 6 6 6 6 6 3 3 5 2 3 3 5 5 5 3 5 3
split_gain=349.402 91.2915 23.5193 12.7566 12.7205 8.27532 5.20018 5.02683 4.69428 4.94334 4.22792 3.20809 3.42486 3.12328 3.07464 4.89774 3.53256 4.95171 3.92863 4.96803 4.74266 3.88068 3.38442 3.27689 3.18441 4.9217 3.06107 5.76064 4.80093 2.75404
threshold=0 1 2 105.50000000000001 4500986.0000000009 891.50000000000011 2.5000000000000004 2.5000000000000004 168.50000000000003 190422.50000000003 960669.00000000012 137.50000000000003 311.50000000000006 552.50000000000011 701.50000000000011 723.50000000000011 522.50000000000011 377.50000000000006 1185429.0000000002 650945.50000000012 102.50000000000001 2.5000000000000004 4372027.0000000009 1649916.0000000002 27.500000000000004 40.500000000000007 14.500000000000002 2726178.0000000005 37.500000000000007 938121.00000000012
decision_type=1 1 1 2 2 2 2 2 2 2 2 2 2 2 2 2 2 2 2 2 2 2 2 2 2 2 2 2 2 2
left_child=2 8 10 4 6 7 -4 11 9 -2 -1 -5 -13 -8 16 -16 17 18 19 -11 23 -22 -19 -20 -18 -26 27 -12 -28 -27
right_child=1 -3 3 5 -6 -7 13 -9 -10 14 26 12 -14 -15 15 -17 24 22 20 -21 21 -23 -24 -25 25 29 28 -29 -30 -31
leaf_value=-0.0084358767148585579 0.009181111840575169 -0.037789181314006846 0.046267026156609534 0.013427328600930474 0.0094289258385024735 0.044348474106552037 0.039812977987642731 0.0055325184363546401 -0.020512808578370741 0.00062388473334907852 0.03823128898624803 0.044820938578357519 0.021935573218986128 0.018080593185271103 -0.032103417930542451 -0.009278918236952689 -0.009400045539141642 -0.011345920120185158 0.019827504304913084 -0.024872530071144573 -0.0037440167452458613 -0.025172816583646822 -0.032084762374101863 0.00052409101119119984 0.024603020330529062 0.015004333804592592 -0.00021637835681903911 0.0035408240742347587 0.023311531393112081 -0.0039517631713343014
leaf_weight=11.166237533092497 16.123436495661736 110.99868184328079 87.978976547718048 20.394738703966141 12.333258450031279 14.396441161632536 13.601463809609415 18.790179565548897 22.705804988741875 11.776469364762308 8.126941382884981 9.6651301831006986 24.327129065990448 15.33088445663452 8.2254641056060773 145.67699389159679 18.864859148859978 45.014992788434029 8.091960057616232 15.375991925597189 25.884763494133949 10.045388504862784 8.1016447097063047 61.591332674026489 8.2050828784704191 7.817783221602439 28.363651841878891 8.5869647711515409 9.7596356868743879 30.68215599656105
leaf_count=56 85 662 394 96 58 66 64 92 123 63 40 45 113 72 45 779 101 240 42 82 140 55 44 325 41 41 142 43 48 164
internal_value=0.000245753 -0.0135761 0.0273305 0.0317458 0.0393038 0.0238577 0.0423487 0.0192829 -0.00745413 -0.00670375 0.00681421 0.0238478 0.0295376 0.029286 -0.00735662 -0.0106982 -0.00527714 -0.00737936 -0.00422355 -0.014185 -0.00155352 -0.0102545 -0.0150436 0.00301449 0.000703724 0.00489629 0.0112354 0.0216147 0.00624871 0.000179863
internal_weight=838.004 555.183 282.822 216.818 129.245 87.5736 116.911 73.1772 444.184 421.478 66.0034 54.387 33.9923 28.9323 405.355 153.902 251.452 185.883 132.766 27.1525 105.613 35.9302 53.1166 69.6833 65.5699 46.705 54.8372 16.7139 38.1233 38.4999
internal_count=4361 3032 1329 1000 588 412 530 346 2370 2247 329 254 158 136 2162 824 1338 991 707 145 562 195 284 367 347 246 273 83 190 205
cat_boundaries=0 1 2 3
cat_threshold=2 1 2
is_linear=0
shrinkage=0.03


Tree=10
num_leaves=31
num_cat=4
split_feature=0 1 0 0 4 2 1 5 5 1 3 3 5 5 3 3 3 5 1 5 5 3 5 1 5 3 5 5 3 5
split_gain=361.125 105.765 74.1677 25.0529 17.7647 13.562 11.4286 7.80866 6.20286 11.8216 6.27056 4.54704 2.9798 2.67841 5.76833 2.4471 2.3712 4.08976 2.3305 4.27194 5.4042 2.29317 2.63974 2.31448 2.27514 2.24926 2.03393 2.00992 1.87019 1.82872
threshold=0 5.5000000000000009 1 2 3 2.5000000000000004 7.5000000000000009 29.500000000000004 43.500000000000007 2.5000000000000004 1123658.0000000002 1013685.0000000001 37.500000000000007 14.500000000000002 2726178.0000000005 3398988.0000000005 4579562.0000000009 105.50000000000001 6.5000000000000009 73.500000000000014 138.50000000000003 1808793.5000000002 29.500000000000004 3.5000000000000004 35.500000000000007 3651386.5000000005 99.500000000000014 3.5000000000000004 1375009.5000000002 16.500000000000004
decision_type=1 2 1 1 1 2 2 2 2 2 2 2 2 2 2 2 2 2 2 2 2 2 2 2 2 2 2 2 2 2
left_child=4 2 8 6 12 16 11 -7 10 -10 -2 -3 13 14 -1 26 17 24 -9 -20 -21 -12 23 -23 29 28 -11 -8 -15 -6
right_child=1 3 -4 -5 5 7 27 18 9 15 21 -13 -14 25 -16 -17 -18 -19 19 20 -22 22 -24 -25 -26 -27 -28 -29 -30 -31
leaf_value=0.028261622933929548 -0.009350100244679211 0.01383059818933724 -0.036665390911224956 -0.037279239873732883 0.043592010026004512 0.043927143593720748 -0.0049170346242114879 0.0014898921462698786 0.037313096297220287 0.025687910379024438 0.028370702590646907 -0.0088679879228482101 0.022883764601627599 0.0070155861612913569 -0.0033624188933168266 -0.0034488429909405307 0.022685180203520332 0.031774880171844488 -5.9762667400630336e-06 0.035000221660059644 0.0054043037480725779 0.022704566296843996 0.001381977728388491 0.0046479913006021809 0.047966889860715317 0.013431108923482394 0.007403931951964155 -0.020864132904162419 -0.0097366442077729282 0.024018928832555034
leaf_weight=11.084122285246851 11.350975751876829 9.5982938110828382 27.408389285206795 78.487244814634323 11.563721269369127 9.0680794119834882 8.0389209985733014 10.645503386855124 29.287796184420586 9.2314894646406227 8.4866663664579374 31.032314047217369 11.652390241622923 8.5422373712062853 8.7634821683168393 7.9736285954713813 13.255842685699461 58.464569211006165 8.9733089655637723 14.544167056679727 9.2931662052869779 18.61664775013924 15.863761380314825 10.393469691276549 59.459615379571915 8.4627382904291135 14.406504079699515 270.07709760963917 15.498704686760901 15.563215821981428
leaf_count=54 56 49 165 481 51 42 45 50 138 44 41 165 57 43 44 40 62 269 42 69 45 91 78 53 262 42 71 1508 78 69
internal_value=7.03766e-05 -0.0139521 0.00720548 -0.0220999 0.028094 0.032086 -0.0182573 0.0197897 0.0169921 0.0238464 0.0102769 -0.00330241 0.00842118 0.00641194 0.0148069 0.010608 0.03803 0.0392674 0.0138781 0.0177346 0.0241442 0.0145472 0.0113714 0.0166059 0.0439059 0.000996829 0.0152973 -0.0204225 -0.00374178 0.0336158
internal_weight=825.088 550.253 153.019 397.234 274.835 210.831 318.747 52.5242 125.611 60.8994 64.7115 40.6306 64.0037 52.3513 19.8476 31.6116 158.307 145.051 43.4561 32.8106 23.8373 53.3605 44.8739 29.0101 86.5866 32.5037 23.638 278.116 24.0409 27.1269
internal_count=4304 3025 777 2248 1279 961 1767 248 612 293 319 214 318 261 98 155 713 651 206 156 114 263 222 144 382 163 115 1553 121 120
cat_boundaries=0 1 2 3 4
cat_threshold=2 1 1 2
is_linear=0
shrinkage=0.03


Tree=11
num_leaves=31
num_cat=2
split_feature=0 0 2 5 5 3 3 6 3 3 6 6 3 3 5 3 5 6 3 3 6 3 5 5 3 5 5 5 6 6
split_gain=345.945 82.8335 10.2326 10.2677 5.59532 3.66808 3.46904 4.96786 3.19913 4.4381 5.80668 3.56042 2.99772 2.98908 2.81312 3.51605 3.53434 3.63023 3.47775 13.3007 3.53646 3.16747 3.12513 3.89224 2.7518 3.66543 2.72474 5.4722 2.64921 2.47174
threshold=0 1 2.5000000000000004 35.500000000000007 14.500000000000002 2477321.5000000005 3891300.5000000005 302.50000000000006 1846167.5000000002 2477321.5000000005 766.50000000000011 366.50000000000006 4030997.5000000005 4199363.5000000009 12.500000000000002 3597990.0000000005 99.500000000000014 96.500000000000014 2799119.5000000005 3120601.0000000005 187.50000000000003 218994.50000000003 75.500000000000014 41.500000000000007 4579562.0000000009 92.500000000000014 105.50000000000001 121.50000000000001 736.50000000000011 311.50000000000006
decision_type=1 1 2 2 2 2 2 2 2 2 2 2 2 2 2 2 2 2 2 2 2 2 2 2 2 2 2 2 2 2
left_child=2 6 3 4 5 -1 14 24 11 -10 12 -4 -11 26 -2 16 17 -16 20 -20 -19 -18 23 -22 25 -8 -5 -28 -21 -6
right_child=1 -3 8 13 29 -7 7 -9 9 10 -12 -13 -14 -15 15 -17 21 18 19 28 22 -23 -24 -25 -26 -27 27 -29 -30 -31
leaf_value=0.041844128287087778 -0.013729229613235134 -0.03719332949432224 0.0081610401548267014 0.04236377921755486 0.0022408376400226537 0.018131936329010175 0.017711424570842439 -0.017138550121477938 -0.0063830200634058046 0.015990755205532559 0.035680591970316068 0.032847243050045806 -0.0046420580860397171 0.023522585903589268 -0.018170540086939815 0.00522359987588148 0.0065305611745139708 0.010473009457364218 0.028574219535552343 -0.00048977365392293402 -0.0035498053012089077 -0.011622344940149279 0.0048536073204949858 -0.016555385350377871 -0.013675620390304644 -0.0093890137128167187 0.0106135488635959 0.035726752795943208 -0.021394654851067219 0.018038925420786771
leaf_weight=14.431771218776705 41.517294332385063 106.702751070261 8.6187920868396777 63.113489910960197 12.538357451558111 13.794287845492361 9.019371181726461 68.520192369818687 9.3953345865011197 15.576313853263857 9.052638113498686 16.90266840159893 9.6663734912872297 23.53036941587925 12.911386191844938 24.86810964345932 8.7415393739938718 11.57109312713146 13.34421284496784 15.117807149887087 52.966145500540733 111.94868925213814 17.714490368962288 33.801197648048401 9.5725492984056455 7.2831895053386679 10.808189436793326 42.797816574573517 7.5796739161014548 32.730778962373734
leaf_count=66 223 665 41 278 60 65 48 374 46 75 43 80 47 108 68 132 46 61 69 81 281 611 94 182 51 40 50 194 41 154
internal_value=0.000228051 -0.0135687 0.0271534 0.030436 0.0208441 0.0312727 -0.00785219 -0.0129605 0.016727 0.0113644 0.0162695 0.0251326 0.00821386 0.0352792 -0.00644978 -0.0054357 -0.00637851 -0.00349133 -0.00213466 0.00589664 -0.00465795 -0.0102647 -0.00641706 -0.00874718 -0.00167068 0.00576136 0.0374294 0.0309505 -0.00807905 0.0138063
internal_weight=836.137 553.18 282.957 213.745 73.4952 28.2261 446.477 94.3953 69.2121 43.6907 34.2953 25.5215 25.2427 140.25 352.082 310.564 285.696 165.006 152.095 36.0417 116.053 120.69 104.482 86.7673 25.8751 16.3026 116.719 53.606 22.6975 45.2691
internal_count=4374 3067 1307 975 345 131 2402 513 332 211 165 121 122 630 1889 1666 1534 877 809 191 618 657 557 463 139 88 522 244 122 214
cat_boundaries=0 1 2
cat_threshold=2 1
is_linear=0
shrinkage=0.03


Tree=12
num_leaves=31
num_cat=4
split_feature=0 1 0 0 1 4 2 3 6 6 3 1 1 3 6 1 3 2 1 3 3 3 3 6 3 6 6 1 6 1
split_gain=290.027 108.173 61.1288 30.4597 17.9278 17.6665 12.2195 10.3601 7.01901 5.76444 5.50664 4.58355 4.55514 3.94252 3.6617 2.9555 2.8469 2.76554 2.64291 2.56148 2.51027 3.55014 1.81969 1.78134 1.68213 1.70992 1.53652 1.3262 5.25762 1.26478
threshold=0 4.5000000000000009 1 2 7.5000000000000009 3 1.5000000000000002 4579562.0000000009 302.50000000000006 891.50000000000011 2292833.5000000005 25.500000000000004 5.5000000000000009 4562861.5000000009 302.50000000000006 5.5000000000000009 822926.00000000012 2.5000000000000004 2.5000000000000004 1808793.5000000002 1871027.5000000002 3559367.5000000005 3292838.5000000005 588.50000000000011 1562166.0000000002 577.50000000000011 470.50000000000006 10.500000000000002 431.50000000000006 28.500000000000004
decision_type=1 2 1 1 2 1 2 2 2 2 2 2 2 2 2 2 2 2 2 2 2 2 2 2 2 2 2 2 2 2
left_child=5 2 7 4 8 15 13 14 10 11 -3 12 -8 27 19 18 -10 20 -1 -2 -17 -22 24 -18 -14 -26 -24 28 -7 -6
right_child=1 3 -4 -5 29 6 9 -9 16 -11 -12 -13 22 -15 -16 17 23 -19 -20 -21 21 -23 26 -25 25 -27 -28 -29 -30 -31
leaf_value=0.008832120298090114 0.0023819412833243044 0.029920067675182564 -0.035705665176864049 -0.036745957322413675 -0.018720507422338252 0.015313198712914335 0.0078961454148108613 -0.0079774689918504661 0.0065890908865194582 0.037239955747739757 -0.0017527830948534677 0.0034356172375569136 0.020964823989198959 0.015299962713779758 0.027276267028045288 0.030232434853617009 -0.0029973700681378908 -0.0010541672057329363 -0.0079898726259294561 0.020570175456784516 -0.0026144295802752902 0.023433965784013827 0.006241527841209021 -0.01729442347102161 0.044409684589902805 0.022873972697854815 0.023788720537674161 0.042700021059040229 0.040186109367058652 -0.02743044410376495
leaf_weight=16.323697641491894 11.498607873916628 8.453575015068056 19.973365873098373 81.144010484218597 256.68421778082848 13.499386131763456 18.027753040194511 10.045283496379851 8.6649966835975629 19.404180243611336 10.130256637930868 15.090652182698248 19.69000518321991 8.7742583602666837 67.121176645159721 9.022041320800783 13.002547681331633 9.0321690142154676 15.334406509995459 17.901029855012894 9.18573045730591 8.2894658595323545 8.8398146033287066 20.847771272063255 11.550810366868975 10.31461279094219 10.663501158356665 57.43155936896801 24.644752636551857 20.661088809370995
leaf_count=80 57 43 125 520 1456 60 82 50 44 86 53 70 89 40 316 43 69 46 76 88 45 40 41 113 52 47 49 252 107 117
internal_value=-0.000159065 -0.0129581 0.0112881 -0.0202797 -0.0162352 0.0243163 0.0281804 0.0203461 -0.00149421 0.0222916 0.0134469 0.0188528 0.0217149 0.0369926 0.0233454 0.00647123 -0.00818406 0.0132352 0.000688808 0.0137689 0.0179673 0.0103414 0.025602 -0.0120462 0.0293723 0.0356953 0.0165278 0.038805 0.0319995 -0.0194656
internal_weight=831.247 546.128 126.539 419.588 338.444 285.119 217.931 106.566 61.0991 113.581 18.5838 94.1771 79.0865 104.35 96.5208 67.1875 42.5153 35.5294 31.6581 29.3996 26.4972 17.4752 61.0587 33.8503 41.5554 21.8654 19.5033 95.5757 38.1441 277.345
internal_count=4356 3051 636 2415 1895 1305 975 511 322 516 96 430 360 459 461 330 226 174 156 145 128 85 278 182 188 99 90 419 167 1573
cat_boundaries=0 1 2 3 4
cat_threshold=2 1 1 2
is_linear=0
shrinkage=0.03


Tree=13
num_leaves=31
num_cat=2
split_feature=1 4 6 2 5 3 5 1 5 6 6 5 5 1 3 6 5 3 3 3 3 5 3 6 1 5 4 1 5 3
split_gain=45.7634 21.5234 15.8759 10.2504 9.05335 8.2801 7.07233 4.86103 4.73857 7.04671 6.17356 4.99337 4.64448 4.36956 3.86651 3.61161 3.58076 3.57848 3.53168 6.14483 5.28455 3.45874 4.05975 3.13639 3.84005 3.0895 3.00616 3.78539 6.14655 2.97797
threshold=4.5000000000000009 0 362.50000000000006 2.5000000000000004 99.500000000000014 3786341.5000000005 89.500000000000014 10.500000000000002 18.500000000000004 705.50000000000011 508.50000000000006 4.5000000000000009 110.50000000000001 17.500000000000004 2562772.0000000005 49.500000000000007 144.50000000000003 3398988.0000000005 1695096.0000000002 2535880.0000000005 4080286.5000000005 100.50000000000001 3491376.0000000005 452.50000000000006 12.500000000000002 70.500000000000014 1 22.500000000000004 141.50000000000003 2874836.5000000005
decision_type=2 1 2 2 2 2 2 2 2 2 2 2 2 2 2 2 2 2 2 2 2 2 2 2 2 2 1 2 2 2
left_child=1 -1 4 7 14 -4 -7 8 11 10 -10 -2 -12 21 -3 -15 17 29 25 -20 -21 23 -23 24 -9 -11 27 -17 -29 -5
right_child=3 2 5 16 -6 6 -8 13 9 18 12 -13 -14 15 -16 26 -18 -19 19 20 -22 22 -24 -25 -26 -27 -28 28 -30 -31
leaf_value=-0.00045551816454016629 0.013189499938383914 0.033294300634119027 0.035201447638984688 -0.0063389242393950898 -0.010115003040328309 0.029513188434278921 -0.0076427589941839413 -0.0074551512839645213 0.005461343334868622 -0.0060039111859399525 0.03244676411098095 -0.012548062051661446 0.0044362715768185004 -0.017144164228082803 0.0075461691511666063 -0.0028427435169437404 -0.018772017680027481 -0.014052674487469954 -0.032006864437942421 0.010791389319597503 -0.019106981263309588 -0.020105103600360441 -0.0019053740833296087 -0.0081493845258415933 0.014201757669140204 0.019214702685286741 -0.0033598066597774422 0.014572707036628389 -0.0082700602052552443 0.0080590516946052512
leaf_weight=75.925246581435204 8.0402975231409055 8.5608510524034518 60.491878733038902 72.512981832027435 16.509522318840027 7.9477645158767727 8.8461016565561277 12.746692314743997 57.974891498684883 7.8137683123350126 15.889291241765024 27.201921716332436 8.3022517412900907 9.9186843484640104 13.415712758898733 38.107935160398483 31.472330749034882 47.708729386329651 7.2941335886716869 12.265585303306581 7.8882620483636847 31.218097731471062 17.118534788489342 47.780614271759987 15.064846083521841 7.9770858287811279 82.693880379199982 43.980446428060532 13.149145126342772 14.791366949677466
leaf_count=384 42 41 279 394 84 40 44 68 301 41 79 146 43 55 65 203 178 262 40 63 43 175 93 259 77 41 444 226 71 81
internal_value=0.000488641 0.013305 0.0205363 -0.00337151 0.00633125 0.030062 0.0106118 -0.00110826 0.00311877 0.00584457 0.0109582 -0.00647429 0.0233916 -0.0032893 0.0185887 -0.000395479 -0.00974884 -0.00752294 -0.00390083 -0.0102694 -0.00126094 -0.00763745 -0.0138289 -0.00354954 0.00436163 0.00712143 0.000628763 0.00402211 0.00926331 -0.00383594
internal_weight=830.609 191.697 115.772 638.912 38.4861 77.2857 16.7939 472.426 160.647 125.405 82.1664 35.2422 24.1915 311.779 21.9766 187.85 166.485 135.013 43.2388 27.448 20.1538 123.929 48.3366 75.5922 27.8115 15.7909 177.931 95.2375 57.1296 87.3043
internal_count=4362 937 553 3425 190 363 84 2510 839 651 423 188 122 1671 106 999 915 737 228 146 106 672 268 404 145 82 944 500 297 475
cat_boundaries=0 1 2
cat_threshold=2 17
is_linear=0
shrinkage=0.03


Tree=14
num_leaves=31
num_cat=4
split_feature=0 1 0 0 4 1 2 5 6 5 1 6 6 6 1 6 6 5 6 6 5 1 5 5 5 6 6 5 6 6
split_gain=274.505 109.863 69.622 24.3559 14.0978 9.69887 6.43039 7.36311 5.42216 5.60604 4.8929 8.45002 6.53924 4.50053 3.96432 2.23187 8.74777 2.0931 4.34177 1.8644 1.69995 1.64041 2.53142 1.50641 1.45241 1.5478 1.39461 1.75997 1.36625 1.39827
threshold=0 5.5000000000000009 1 2 3 7.5000000000000009 2.5000000000000004 52.500000000000007 70.500000000000014 104.50000000000001 4.5000000000000009 588.50000000000011 96.500000000000014 622.50000000000011 5.5000000000000009 975.50000000000011 812.50000000000011 43.500000000000007 484.50000000000006 667.50000000000011 27.500000000000004 5.5000000000000009 121.50000000000001 132.50000000000003 81.500000000000014 649.50000000000011 979.50000000000011 139.50000000000003 950.50000000000011 891.50000000000011
decision_type=1 2 1 1 1 2 2 2 2 2 2 2 2 2 2 2 2 2 2 2 2 2 2 2 2 2 2 2 2 2
left_child=4 2 10 5 14 13 8 -8 -6 15 12 -12 -2 -3 -1 16 -10 19 -19 -14 -16 -11 -23 28 -9 -26 27 -25 29 -7
right_child=1 3 -4 -5 6 23 7 24 9 21 11 -13 17 -15 20 -17 -18 18 -20 -21 -22 22 -24 26 25 -27 -28 -29 -30 -31
leaf_value=0.00073979020343941727 -0.0034777156271467175 0.0052263766282220903 -0.035810298580285699 -0.036397705389128114 0.0097357416949819947 -0.019895873469734177 0.035080781871253804 7.9549137782422983e-05 0.039633175122680039 0.013858156300546773 0.02054526297072878 -0.018299245247057568 0.023349331225852657 -0.01449750408308741 0.019977817134025081 0.052377776328219224 0.013753615671241778 0.014173533635668126 0.035105958549928359 0.011055844181139163 0.0053968552272086936 0.013201452532108986 0.031126018291834909 -0.0023259553093371351 0.0067735761330405134 0.021490710104488525 -0.0029112637821710322 -0.018196226335733943 -0.027228587922555298 -0.0078140236877873408
leaf_weight=33.042865976691246 8.6973113715648633 23.517837509512901 24.462162896990776 72.344601765275002 10.818376436829565 160.17355093359947 16.097279861569405 8.8581943511962873 68.309914380311966 12.835288316011427 10.844153478741648 7.8070879578590384 30.476292490959167 17.176618814468384 22.337281942367554 11.987718313932417 15.858816489577292 15.500257000327109 29.568517103791237 22.098641872406006 11.781457453966139 11.098104849457739 41.808840110898018 7.487886279821395 14.9251004755497 12.498105630278586 8.4854114949703199 52.457252576947212 28.750701144337654 10.949669763445852
leaf_count=163 43 123 156 476 49 917 73 41 294 57 55 42 146 93 109 51 68 74 134 106 57 50 186 43 71 58 49 304 166 63
internal_value=0.000625944 -0.0122249 0.00953096 -0.020754 0.0239278 -0.0169858 0.0273474 0.0187064 0.0314194 0.0327997 0.0186185 0.00418183 0.021088 -0.00324686 0.00716966 0.037662 0.0349758 0.0232892 0.0283707 0.0184849 0.0152399 0.0252301 0.0276807 -0.0190499 0.0106954 0.014001 -0.0146921 -0.0162845 -0.0204613 -0.0191727
internal_weight=823.055 530.798 149.454 381.344 292.257 308.999 225.096 52.3787 172.717 161.899 124.992 18.6512 106.341 40.6945 67.1616 96.1564 84.1687 97.6437 45.0688 52.5749 34.1187 65.7422 52.9069 268.304 36.2814 27.4232 68.4306 59.9451 199.874 171.123
internal_count=4317 2990 756 2234 1327 1758 998 243 755 706 600 97 503 216 329 413 362 460 208 252 166 293 236 1542 170 129 396 347 1146 980
cat_boundaries=0 1 2 3 4
cat_threshold=2 1 1 2
is_linear=0
shrinkage=0.03


Tree=15
num_leaves=31
num_cat=2
split_feature=0 0 6 2 5 5 3 5 3 3 6 5 3 3 5 6 6 3 3 3 5 2 3 5 5 6 3 3 6 3
split_gain=255.832 74.0384 13.9345 9.90809 6.86932 5.1966 4.2643 4.06539 3.66304 6.70423 6.27855 3.30063 3.04373 6.03737 2.91624 3.66481 5.08354 3.01642 4.46515 5.66555 5.51685 3.40319 3.6122 3.27046 5.61584 2.975 3.79353 2.53302 2.5176 2.7141
threshold=0 1 75.500000000000014 2.5000000000000004 35.500000000000007 15.500000000000002 190422.50000000003 158.50000000000003 1715993.0000000002 2357366.0000000005 766.50000000000011 68.500000000000014 3639158.5000000005 2461775.5000000005 102.50000000000001 70.500000000000014 316.50000000000006 3769304.5000000005 2677552.5000000005 3202125.5000000005 56.500000000000007 2.5000000000000004 4441284.0000000009 22.500000000000004 36.500000000000007 155.50000000000003 3369511.0000000005 3994460.5000000005 979.50000000000011 2357366.0000000005
decision_type=1 1 2 2 2 2 2 2 2 2 2 2 2 2 2 2 2 2 2 2 2 2 2 2 2 2 2 2 2 2
left_child=2 6 11 4 5 -4 -2 -6 -5 -10 27 -1 13 -7 15 -8 25 18 23 -20 -21 22 -19 -18 -25 26 -17 -11 -16 -30
right_child=1 -3 3 8 7 12 14 -9 9 10 -12 -13 -14 -15 28 16 17 21 19 20 -22 -23 -24 24 -26 -27 -28 -29 29 -31
leaf_value=-0.01249250221931692 0.0062718686498011754 -0.036382425498735584 0.028934980728108614 0.022808408600044162 0.033014208214417584 0.014788051953050925 -0.020933329736053542 0.016245089945136348 -0.015409350371988101 0.012035980779466627 0.032386556462291431 0.010786652531219264 0.025909168081267104 -0.012979381353791473 -0.012946163331935013 0.0030199666804404421 -0.017191020623923838 -0.018242892593295607 0.012607672905487694 -0.016354062444614088 0.012777053184965663 -0.027437908003700096 0.00086753947253746463 0.0089359653316385349 -0.010522304425570504 0.0064337983850394059 -0.022159754352246444 -0.0076488192002388076 0.01147782644955137 -0.012450022598885415
leaf_weight=11.03122115135193 18.361810088157654 97.986007258296013 26.99652624130249 21.600085616111755 119.76580253243446 23.509491264820099 13.77876967191696 17.971022337675095 8.273739889264105 13.910686686635019 9.8165280967950803 9.0921293348073942 9.4784576296806318 9.0110803097486478 132.70325115323067 12.961311444640161 31.373713746666908 17.62373511493206 22.202240884304047 18.206772178411487 7.5523034781217566 12.438997551798819 16.886143431067467 17.280939757823944 49.552351862192154 42.190902397036552 7.9719143956899634 8.847943186759947 7.8804663717746717 7.2113074213266373
leaf_count=52 97 654 122 100 522 109 75 79 40 66 46 42 44 42 743 68 173 97 118 98 40 70 92 91 268 225 43 43 43 41
internal_value=-0.000648735 -0.0129487 0.022028 0.023822 0.0270023 0.0187737 -0.00761326 0.0309591 0.0130344 0.00744458 0.0135353 -0.0019618 0.0117212 0.00693634 -0.00823699 -0.00634096 -0.00547796 -0.00788383 -0.00569019 0.00179102 -0.00765481 -0.0144523 -0.00913081 -0.00932501 -0.00543346 0.00189053 -0.00714226 0.00438323 -0.0116351 -1.87991e-05
internal_weight=823.468 534.163 289.305 269.181 206.732 68.9956 436.177 137.737 62.449 40.8489 32.5752 20.1234 41.999 32.5206 417.815 270.02 256.241 193.117 146.168 47.9613 25.7591 46.9489 34.5099 98.207 66.8333 63.1241 20.9332 22.7586 147.795 15.0918
internal_count=4343 3036 1307 1213 918 317 2382 601 295 195 155 94 195 151 2285 1458 1383 1047 788 256 138 259 189 532 359 336 111 109 827 84
cat_boundaries=0 1 2
cat_threshold=2 1
is_linear=0
shrinkage=0.03


Tree=16
num_leaves=31
num_cat=4
split_feature=0 1 0 0 4 1 2 6 6 5 1 6 5 5 1 6 1 6 6 6 2 1 1 5 5 5 6 1 6 1
split_gain=234.548 100.622 53.5282 28.0291 17.3886 13.6718 6.58175 5.97933 5.21786 7.60359 5.3485 5.19676 5.02352 4.26333 9.50278 4.21637 4.51927 2.77045 2.6582 3.23328 3.35563 2.7252 2.31344 2.03665 1.85605 5.06105 1.64606 6.78247 3.5194 5.98056
threshold=0 4.5000000000000009 1 2 3 7.5000000000000009 1.5000000000000002 588.50000000000011 80.500000000000014 158.50000000000003 7.5000000000000009 891.50000000000011 51.500000000000007 44.500000000000007 2.5000000000000004 705.50000000000011 18.500000000000004 479.50000000000006 827.50000000000011 681.50000000000011 2.5000000000000004 5.5000000000000009 5.5000000000000009 43.500000000000007 108.50000000000001 113.50000000000001 522.50000000000011 1.5000000000000002 667.50000000000011 1.5000000000000002
decision_type=1 2 1 1 1 2 2 2 2 2 2 2 2 2 2 2 2 2 2 2 2 2 2 2 2 2 2 2 2 2
left_child=4 2 13 5 18 7 8 22 -6 10 17 12 -8 26 -15 16 -14 -10 19 20 21 -1 -3 -24 -7 -26 27 -2 -28 -30
right_child=1 3 -4 -5 6 24 11 -9 9 -11 -12 -13 15 14 -16 -17 -18 -19 -20 -21 -22 -23 23 -25 25 -27 28 -29 29 -31
leaf_value=0.0014941819199694947 -0.0096411639390229405 0.016593495094441323 -0.034916318214388953 -0.035940736490545334 0.0091576029113904726 -0.020450021898684976 0.02808678179385786 -0.012504390241095495 0.0098781159662743191 0.0099972677215017999 0.042066659730862668 0.035123965597703428 0.024870741045160006 0.037147986469296131 0.0096075638170159596 -9.384309478485007e-05 0.0052058185924328355 0.03137694480274876 0.015145242754961343 -0.013535131693832752 -0.0075252072054977264 0.019416228087245552 -0.0086961412596050069 0.0090038213863971473 0.0091490513918518999 -0.016625959306748237 0.03365539970904434 0.019028159606720454 0.028438958489905648 -0.0019192173373058445
leaf_weight=14.939438641071321 11.312609106302263 11.107442781329153 18.374126940965652 74.20929291844368 9.1713364124298078 167.04926082491875 28.204196214675903 27.993148267269135 9.7408753931522387 11.466179519891737 61.535369545221329 19.509056895971298 26.904913499951363 27.706160858273506 20.067093655467033 17.269535914063454 17.918778151273727 16.043953850865364 18.444870889186859 8.8161113858222944 11.826227918267248 15.015742734074591 10.681949779391291 10.721668526530264 6.7676536589860907 94.649569019675255 8.8381503224372882 18.212626487016678 9.2516528815031069 13.300688043236731
leaf_count=72 55 56 122 511 41 970 124 152 42 50 262 84 121 126 94 78 82 68 89 43 60 71 56 56 40 556 41 88 44 64
internal_value=-0.000197513 -0.0120137 0.0112006 -0.0193393 0.0216139 -0.0154968 0.0254442 -0.00256381 0.0320245 0.0340344 0.0370418 0.0210403 0.0176461 0.019244 0.0260138 0.0125337 0.0172946 0.0239272 0.00499606 0.00204272 0.00556928 0.010815 0.00611311 0.000176397 -0.0183912 -0.0148334 0.0136004 0.00808751 0.018376 0.0112133
internal_weight=817.05 530.243 127.063 403.18 286.807 328.971 217.764 60.5042 107.958 98.7864 87.3202 109.806 90.2974 108.689 47.7733 62.0932 44.8237 25.7848 69.0424 50.5975 41.7814 29.9552 32.5111 21.4036 268.466 101.417 60.9157 29.5252 31.3905 22.5523
internal_count=4318 3031 634 2397 1287 1886 952 320 463 422 372 489 405 512 220 281 203 110 335 246 203 143 168 112 1566 596 292 143 149 108
cat_boundaries=0 1 2 3 4
cat_threshold=2 1 1 2
is_linear=0
shrinkage=0.03


Tree=17
num_leaves=31
num_cat=4
split_feature=0 1 0 0 4 1 6 5 5 2 1 1 5 6 1 5 6 5 1 2 1 6 1 6 5 5 5 5 2 1
split_gain=225.209 94.961 60.5621 23.7953 10.8171 9.65287 6.33233 5.65398 5.58166 3.91849 3.74146 3.33219 3.13541 2.65599 2.45909 3.02584 3.82944 2.35948 2.81684 2.03605 1.94156 2.53031 4.26544 1.87809 4.19844 1.61855 1.81031 4.37736 1.57568 2.1604
threshold=0 5.5000000000000009 1 2 3 7.5000000000000009 80.500000000000014 130.50000000000003 43.500000000000007 2.5000000000000004 2.5000000000000004 5.5000000000000009 158.50000000000003 291.50000000000006 8.5000000000000018 37.500000000000007 827.50000000000011 30.500000000000004 6.5000000000000009 1.5000000000000002 1.0000000180025095e-35 746.50000000000011 1.5000000000000002 347.50000000000006 123.50000000000001 3.5000000000000004 108.50000000000001 113.50000000000001 1.5000000000000002 7.5000000000000009
decision_type=1 2 1 1 1 2 2 2 2 2 2 2 2 2 2 2 2 2 2 2 2 2 2 2 2 2 2 2 2 2
left_child=4 2 8 5 14 13 -6 28 20 11 -10 -9 -13 -3 15 16 19 -15 -19 -1 -2 22 -22 -12 -25 -7 -27 -28 29 -8
right_child=1 3 -4 -5 6 25 7 9 10 -11 23 12 -14 17 -16 -17 -18 18 -20 -21 21 -23 -24 24 -26 26 27 -29 -30 -31
leaf_value=0.0013846437952376839 -0.00083995379054187312 0.0096251372738574946 -0.034993344085175133 -0.03566501132811685 0.0063640599544731698 -0.0041697390386145798 0.023422887062690186 0.0063694665911923094 0.031571005178643127 0.0038173016633968049 0.0040496944917657752 0.035366107436643125 0.015750195957299571 -0.018522515104887935 0.016616670868521189 0.018083409300171653 0.013886241090984344 0.0098995288249155051 -0.011591411429540262 -0.014372935705360759 -0.0021363875195986176 0.0028818411870063475 0.021904127383355763 0.032277042990147782 0.0048065695904999373 -0.020615911442766779 0.006851581212393972 -0.016695353922531447 0.025890197615625256 0.037423567829788562
leaf_weight=15.6125365793705 10.788469105958937 11.159323900938032 23.105847090482712 67.893015190958977 15.671138644218443 8.0140868723392469 21.421716809272766 10.063774451613424 28.444790005683899 13.835455805063246 9.709934353828432 18.068538278341293 16.537222549319267 9.462697848677637 17.832369759678841 9.5004074126481992 11.501197576522825 9.9808927625417709 9.9816588461399078 12.730783835053442 8.1491218805313093 16.534040093421936 31.327221542596817 10.957949414849283 9.314568027853964 156.75501351058483 7.148826301097869 94.209393128752708 80.214932277798653 50.373721465468407
leaf_count=75 52 58 158 479 71 47 90 44 128 65 48 78 72 52 85 45 56 53 54 64 39 81 152 51 45 921 42 559 350 212
internal_value=0.000188987 -0.011608 0.00866631 -0.0196376 0.0211857 -0.0159855 0.024176 0.0266086 0.0169355 0.018111 0.0237016 0.0223577 0.0266978 -0.00229286 0.00642207 0.00375666 -1.84745e-05 -0.00698048 -0.000886689 -0.0059417 0.0107551 0.012964 0.0170113 0.0154577 0.0204745 -0.0180572 -0.0184706 -0.0149839 0.0297394 0.0336253
internal_weight=816.301 522.937 148.332 374.605 293.364 306.712 226.187 210.515 125.226 58.505 58.4272 44.6695 34.6058 40.5846 67.1773 49.3449 39.8445 29.4252 19.9626 28.3433 66.7989 56.0104 39.4763 29.9825 20.2725 266.127 258.113 101.358 152.01 71.7954
internal_count=4326 3019 754 2265 1307 1786 982 911 596 259 272 194 150 217 325 240 195 159 107 139 324 272 191 144 96 1569 1522 601 652 302
cat_boundaries=0 1 2 3 4
cat_threshold=2 1 1 2
is_linear=0
shrinkage=0.03


Tree=18
num_leaves=31
num_cat=4
split_feature=0 1 0 0 4 2 1 6 6 3 6 3 3 3 3 3 3 6 2 3 6 6 6 2 3 6 3 3 6 6
split_gain=219.835 91.6031 67.6484 16.836 11.7526 10.684 8.47583 8.19212 7.19554 6.22281 4.50912 4.16611 3.73097 4.86858 4.5706 3.54508 3.30555 3.30864 4.15863 2.91487 2.62311 10.0028 2.6658 2.56377 2.49474 7.29445 3.75549 2.45685 2.1771 1.95847
threshold=0 7.5000000000000009 1 2 3 2.5000000000000004 4.5000000000000009 296.50000000000006 70.500000000000014 742760.00000000012 330.50000000000006 2439313.5000000005 918942.50000000012 1808793.5000000002 3618779.5000000005 3786341.5000000005 1846167.5000000002 792.50000000000011 3.5000000000000004 2933926.5000000005 762.50000000000011 891.50000000000011 824.50000000000011 2.5000000000000004 2677552.5000000005 608.50000000000011 1423834.0000000002 3240057.5000000005 462.50000000000006 1030.5000000000002
decision_type=1 2 1 1 1 2 2 2 2 2 2 2 2 2 2 2 2 2 2 2 2 2 2 2 2 2 2 2 2 2
left_child=4 2 6 -3 12 8 10 11 -6 -9 23 -8 -1 -14 19 24 -7 18 -18 28 -10 22 -22 -2 25 -12 -27 -11 -15 -23
right_child=1 3 -4 -5 5 16 7 9 20 27 15 -13 13 14 -16 -17 17 -19 -20 -21 21 29 -24 -25 -26 26 -28 -29 -30 -31
leaf_value=-0.0092153973553126753 0.012673316860987558 -0.017594919976039382 -0.035107913423910717 -0.035372459237841401 0.0039573673861242904 0.022781283027014234 0.032773539659368557 0.017859552704172311 0.03313946988365335 -0.017433684082917636 0.036316807401374426 0.0037702293302799969 0.026292935111462374 0.014316239287635932 0.015571697179550058 0.0084905636712900648 -0.0091361713287890223 0.021777316772394473 0.013938359378582387 -0.016333988771873694 0.016338118003787424 0.039448087392945058 -0.0042320721258391498 -0.0049551949036816794 0.033824042030272568 0.020989628351158678 -0.0010029866361682088 -0.00086743555375582196 -0.0062615689618033769 0.019772399728870928
leaf_weight=10.153926730155943 25.280879855155945 266.42210301756859 31.271759331226349 59.483931452035904 10.270801723003386 20.235186085104942 8.8332981318235415 7.8438440412282935 111.91032603383064 18.332087755203247 13.939748778939245 8.690041169524191 11.741068840026854 8.2169528901577049 19.784961819648743 17.437898382544518 14.022498622536659 9.4342824965715391 12.230978474020958 8.7794658094644529 11.751239717006685 22.027171224355698 9.6091281473636609 9.7200678735971433 19.2201808989048 12.466108888387682 14.345864772796629 14.002281308174132 8.4466979354619962 10.042670428752897
leaf_count=49 122 1587 220 430 46 90 44 40 475 100 63 45 56 40 95 84 65 42 57 43 50 92 41 47 86 57 65 77 41 42
internal_value=0.000511354 -0.0111317 0.00476302 -0.0209379 0.0210362 0.0240572 0.0122548 0.00283995 0.0287441 -0.00466499 0.0170199 0.0193705 0.00600249 0.0098625 0.00512071 0.0210471 0.0133192 0.00747935 0.00173079 -0.00328769 0.0302508 0.0237028 0.00730903 0.00777607 0.024499 0.0193961 0.00960942 -0.010501 0.00412151 0.0340709
internal_weight=825.947 527.29 201.384 325.906 298.657 231.534 170.112 57.7016 175.611 40.1782 112.411 17.5233 67.1231 56.9691 45.2281 77.4098 55.9229 35.6878 26.2535 25.4431 165.341 53.4302 21.3604 35.0009 59.9719 40.7517 26.812 32.3344 16.6637 32.0698
internal_count=4391 3067 1050 2017 1324 1000 830 306 746 217 524 89 324 275 219 355 254 164 122 124 700 225 91 169 271 185 122 177 81 134
cat_boundaries=0 1 2 3 4
cat_threshold=2 1 1 2
is_linear=0
shrinkage=0.03


Tree=19
num_leaves=31
num_cat=3
split_feature=0 1 0 0 1 6 1 3 3 3 5 5 2 6 6 5 3 3 6 1 6 3 3 6 3 6 6 2 6 3
split_gain=203.087 80.323 46.6256 29.0745 10.6397 8.73394 9.34117 8.24636 7.30469 6.68396 6.57185 5.65797 4.79458 4.50383 2.99748 2.87258 2.53017 3.42349 3.15187 4.09096 3.49851 3.16533 4.53763 3.89199 2.99993 2.80204 2.39618 4.10223 2.2852 2.25513
threshold=0 4.5000000000000009 1 2 7.5000000000000009 70.500000000000014 6.5000000000000009 3786341.5000000005 1089335.0000000002 4500986.0000000009 165.50000000000003 24.500000000000004 3.5000000000000004 302.50000000000006 335.50000000000006 63.500000000000007 1524620.0000000002 2064474.5000000002 377.50000000000006 8.5000000000000018 1002.0000000000001 3525787.0000000005 4460811.5000000009 201.50000000000003 1375009.5000000002 220.50000000000003 335.50000000000006 1.5000000000000002 131.00000000000003 2663723.5000000005
decision_type=1 2 1 1 2 2 2 2 2 2 2 2 2 2 2 2 2 2 2 2 2 2 2 2 2 2 2 2 2 2
left_child=5 2 7 4 8 15 12 11 -3 10 28 -2 26 -10 -13 -1 24 -18 21 -20 -21 -19 23 -23 25 -6 -7 -28 -8 -29
right_child=1 3 -4 -5 16 6 9 -9 13 -11 -12 14 -14 -15 -16 -17 17 18 19 20 -22 22 -24 -25 -26 -27 27 29 -30 -31
leaf_value=-0.010351167655879786 0.0077143724460449229 0.016231267153369876 -0.034249687328704904 -0.035278484668669272 -0.026638124008007455 0.0046050674304262346 0.044247455448802216 0.0016897904507589862 0.0051953040345390153 0.0069146416520293802 0.0052436864931015206 0.014306872707617633 -0.0073194834122965406 -0.014476453911853806 0.029966562155898872 0.011892198364240754 -0.029371155369884671 -0.017671857433716374 -0.00020454127928892218 -0.023915255326573553 -0.0063121711862909663 -0.0060393212757762953 -0.018996592202500658 0.021773135012158919 0.0029777097449975786 -0.011092552466941115 0.024283700758534824 0.015823825383159337 0.026905289730513461 -0.0020603106995401685
leaf_weight=10.201639637351038 22.824733540415764 13.266361892223356 18.153824746608734 71.424860447645187 12.839651376008986 16.67109315097332 9.074718624353407 26.36436539888382 14.768432095646856 18.106316581368446 12.671873033046721 18.619636684656143 9.1593447029590589 31.783018872141838 43.628704562783241 8.7940362989902479 24.659056156873703 25.867647215723991 8.7071409821510297 83.159727603197098 12.5420014411211 9.4904189407825523 8.854909732937811 7.1264074295759192 10.121686339378355 59.313226938247681 34.986762091517448 13.142545014619829 152.91953057050705 11.137074664235113
leaf_count=48 108 67 129 528 77 76 40 127 75 81 56 89 43 175 192 40 150 155 52 504 76 56 53 42 60 355 155 59 662 51
internal_value=-7.28162e-05 -0.0113073 0.00912837 -0.0180362 -0.0141203 0.0197104 0.0210512 0.0164367 -0.00264888 0.024724 0.0265203 0.020934 0.0125404 -0.00825758 0.0255827 2.61343e-05 -0.0167126 -0.0187547 -0.0168971 -0.019924 -0.0216974 -0.0104783 -0.00278136 0.00644738 -0.0120634 -0.0141852 0.0149999 0.0177989 0.0281423 0.00786337
internal_weight=820.381 523.516 129.591 393.925 322.5 296.865 277.869 111.437 59.8178 192.772 174.666 85.0731 85.0968 46.5515 62.2483 18.9957 262.682 180.407 155.748 104.409 95.7017 51.3394 25.4717 16.6168 82.2746 72.1529 75.9375 59.2664 161.994 24.2796
internal_count=4381 3070 645 2425 1897 1311 1223 516 317 839 758 389 384 250 281 88 1580 1088 938 632 580 306 151 98 492 432 341 265 702 110
cat_boundaries=0 1 2 3
cat_threshold=2 1 1
is_linear=0
shrinkage=0.03


Tree=20
num_leaves=31
num_cat=4
split_feature=0 1 0 0 1 4 3 5 3 6 5 6 6 1 1 3 3 5 3 3 5 6 3 3 5 5 1 6 5 6
split_gain=224.051 78.3729 50.4541 26.0734 12.9812 12.1592 5.17098 5.14824 4.51757 4.65477 4.36965 5.77636 8.82303 7.70166 6.67399 4.23314 3.23841 2.66731 2.13887 4.10758 3.66165 3.24242 1.99084 3.62455 1.55038 3.68633 3.07905 1.4669 1.36699 1.29617
threshold=0 4.5000000000000009 1 2 7.5000000000000009 3 4539828.0000000009 8.5000000000000018 1104928.0000000002 302.50000000000006 59.500000000000007 891.50000000000011 817.50000000000011 5.5000000000000009 12.500000000000002 4579562.0000000009 1296706.5000000002 94.500000000000014 3639158.5000000005 2978073.0000000005 14.500000000000002 593.50000000000011 1013685.0000000001 440597.00000000006 106.50000000000001 128.50000000000003 24.500000000000004 573.50000000000011 82.500000000000014 1016.5000000000001
decision_type=1 2 1 1 2 1 2 2 2 2 2 2 2 2 2 2 2 2 2 2 2 2 2 2 2 2 2 2 2 2
left_child=5 2 7 4 8 16 10 -2 -3 -10 -7 12 13 -12 -15 22 -1 27 19 20 -18 -20 23 -9 -16 -26 -27 -11 -8 -13
right_child=1 3 -4 -5 -6 6 28 15 9 17 11 29 -14 14 24 -17 18 -19 21 -21 -22 -23 -24 -25 25 26 -28 -29 -30 -31
leaf_value=0.017558335512467597 -0.0022193400418168171 0.013532822726727857 -0.034198827526801506 -0.035054405018030171 -0.017326475457894071 0.033087029691696454 0.0025376362495386573 0.023267248936854949 0.007456093243192935 -0.014900147128058192 0.0052147335882984413 0.044201527872709388 -0.0066474633463467232 0.03976173983324012 0.026733800323093054 -0.00079616944933685288 0.018973056107724862 -0.025842145319976924 -0.0016925981621990717 -0.018626250352386488 -0.0046071406762674657 0.022471006565270457 0.023402585479934127 -0.002772559075780578 -0.0006726001045693743 0.028502448197924982 0.0069835697465866651 0.00060166406877175122 0.018137205131404929 0.023952384187093622
leaf_weight=18.035077646374702 11.113406658172606 12.80990196764469 19.684059783816338 67.367418333888054 260.515235632658 72.344744488596916 10.949330836534502 9.283962085843088 14.623522356152533 8.9619015753269249 19.277368515729904 13.452197939157488 9.6769828051328641 24.726957499980927 24.674325615167618 8.6628642380237562 8.7732496857643181 8.7281292676925641 9.5518654584884661 8.3982085436582548 14.315632030367849 9.1918767839670164 70.475835084915161 8.6807478815317136 9.136811748147009 17.452674016356472 10.066642388701437 12.083878755569456 9.0460062623023969 9.4954645782709104
leaf_count=86 53 64 143 510 1582 303 48 42 74 48 84 56 42 106 104 42 41 49 46 41 69 43 322 40 40 76 45 68 40 40
internal_value=0.000593318 -0.0114264 0.00886891 -0.0181727 -0.0144945 0.0212147 0.0243266 0.0169441 -0.0015218 -0.0060679 0.026774 0.0232492 0.0201747 0.0226781 0.0264852 0.0191376 0.00612116 -0.0127367 0.00294696 -0.00185262 0.00476847 0.0106951 0.0210772 0.0112018 0.0205804 0.0158384 0.0211517 -0.0063759 0.0101227 0.0371728
internal_weight=811.556 512.991 127.901 385.09 317.723 298.565 230.3 108.217 57.2073 44.3974 210.304 137.959 115.012 105.335 86.0574 97.1034 68.2659 29.7739 50.2308 31.4871 23.0889 18.7437 88.4405 17.9647 61.3305 36.6561 27.5193 21.0458 19.9953 22.9477
internal_count=4347 3037 642 2395 1885 1310 984 499 303 239 896 593 497 455 371 446 326 165 240 151 110 89 404 82 265 161 121 116 88 96
cat_boundaries=0 1 2 3 4
cat_threshold=2 1 1 2
is_linear=0
shrinkage=0.03


Tree=21
num_leaves=31
num_cat=3
split_feature=0 1 0 0 1 6 1 3 3 5 2 5 5 6 5 1 5 3 3 6 6 3 3 5 2 3 5 3 6 3
split_gain=159.721 80.9143 61.9228 20.4488 8.0944 6.18469 5.70029 8.2344 6.64742 5.12223 4.89135 5.05527 4.68501 4.26903 4.22856 4.13699 4.04953 3.23141 2.80915 2.6766 3.05606 4.4227 2.45931 5.70796 4.83223 2.22647 5.34962 5.62124 2.15328 2.15052
threshold=0 6.5000000000000009 1 2 7.5000000000000009 64.500000000000014 4.5000000000000009 1738832.0000000002 4579562.0000000009 10.500000000000002 1.5000000000000002 157.50000000000003 35.500000000000007 411.50000000000006 124.50000000000001 7.5000000000000009 69.500000000000014 2799119.5000000005 564154.50000000012 302.50000000000006 608.50000000000011 1375009.5000000002 3525787.0000000005 124.50000000000001 2.5000000000000004 2064474.5000000002 55.500000000000007 3639158.5000000005 717.50000000000011 1168373.5000000002
decision_type=1 2 1 1 2 2 2 2 2 2 2 2 2 2 2 2 2 2 2 2 2 2 2 2 2 2 2 2 2 2
left_child=4 2 6 15 12 -6 8 -8 9 -2 11 25 29 -9 -14 16 -3 19 -12 -11 -21 -22 -17 24 -24 -7 27 -27 -19 -1
right_child=1 3 -4 -5 5 10 7 13 -10 17 18 -13 14 -15 -16 22 -18 28 -20 20 21 -23 23 -25 -26 26 -28 -29 -30 -31
leaf_value=-0.008136874525549509 -2.8528387324891953e-06 0.0061193389871227813 -0.034363352986099195 -0.034770273995471501 -0.001870969456344226 0.036736953471215604 0.022602992224208873 0.0070717055759079907 -0.0060406861297479667 0.0066961350889830316 0.0025517210429301432 0.0069545869980716267 0.021479966732081471 -0.017335489334655781 0.0035901539114693896 -0.018203181598258626 -0.018815817854061126 0.0225712753838418 0.019217541954515322 0.031681794246353631 0.027444647451539291 0.0020730806373710324 -0.010672209515616427 0.0017773677123776156 -0.031064005187787236 -0.0051159169936640285 0.033655618810425787 0.026158946316782925 0.04126902845177377 0.0069621112794356578
leaf_weight=9.920322507619856 10.391649350523947 15.403270035982134 26.978633932769299 57.690267980098724 9.7491345554590207 33.98496963083744 12.731495693325995 11.105952546000482 9.2544142007827741 16.769772797822952 10.533101975917814 10.138385042548178 41.690668255090714 13.100922405719755 17.117914721369743 175.87289541959763 8.1531685888767225 22.365257650613785 86.340236246585846 15.719159260392187 10.615501850843431 13.604185074567793 40.158322364091873 21.16023425757885 14.197119250893591 9.1256446987390536 24.799641698598862 10.159938931465147 11.202283561229704 38.400264516472816
leaf_count=46 49 82 203 448 44 141 64 57 45 80 45 43 181 73 75 1079 45 102 378 69 47 60 245 129 89 40 103 44 50 180
internal_value=0.000344825 -0.00994592 0.00661649 -0.0185955 0.0175812 0.0212373 0.0143261 0.00399427 0.0177307 0.0199539 0.022458 0.0277007 0.0107972 -0.00630132 0.0164197 -0.0150879 -0.0029258 0.022226 0.01745 0.0172893 0.021465 0.0138407 -0.0162115 -0.0113957 -0.0164633 0.0302728 0.0245853 0.0118375 0.0298245 0.00376013
internal_weight=808.435 506.475 173.839 332.635 301.96 194.831 146.861 36.9384 109.922 100.668 185.082 88.2086 107.129 24.2069 58.8086 274.945 23.5564 90.2762 96.8733 56.7086 39.9388 24.2197 251.389 75.5157 54.3554 78.0702 44.0852 19.2856 33.5675 48.3206
internal_count=4336 3016 899 2117 1320 838 696 194 502 457 794 371 482 130 256 1669 127 408 423 256 176 107 1542 463 334 328 187 84 152 226
cat_boundaries=0 1 2 3
cat_threshold=2 1 1
is_linear=0
shrinkage=0.03


Tree=22
num_leaves=31
num_cat=5
split_feature=0 1 0 0 4 1 4 2 2 6 6 1 5 5 5 1 5 5 5 1 6 5 5 2 5 5 1 5 6 6
split_gain=171.015 74.3841 48.4174 24.0694 16.8607 9.88887 9.21392 7.20596 5.4264 5.20129 5.13803 4.50119 4.037 3.71333 3.62219 5.36186 3.24571 3.67939 3.96685 5.01171 5.6508 3.66542 3.15394 3.13442 2.9709 4.65418 2.64431 3.35298 2.5194 4.21369
threshold=0 5.5000000000000009 1 2 3 2.5000000000000004 4 2.5000000000000004 1.5000000000000002 306.50000000000006 64.500000000000014 6.5000000000000009 83.500000000000014 9.5000000000000018 29.500000000000004 20.500000000000004 105.50000000000001 170.50000000000003 158.50000000000003 18.500000000000004 543.50000000000011 71.500000000000014 60.500000000000007 1.5000000000000002 154.50000000000003 165.50000000000003 3.5000000000000004 30.500000000000004 291.50000000000006 681.50000000000011
decision_type=1 2 1 1 1 2 1 2 2 2 2 2 2 2 2 2 2 2 2 2 2 2 2 2 2 2 2 2 2 2
left_child=6 2 4 8 13 9 23 10 11 -6 -8 -3 -11 -2 -9 -16 21 18 19 20 -18 22 -12 28 -13 -26 27 -15 -1 -30
right_child=1 3 -4 -5 5 -7 7 14 -10 12 16 24 -14 26 15 -17 17 -19 -20 -21 -22 -23 -24 -25 25 -27 -28 -29 29 -31
leaf_value=-0.00051639485479776088 0.015380475545380532 0.011663235251048903 -0.033871067769014253 -0.034616228320848104 0.015467338232676134 0.013725270105179446 0.0039033139989356489 0.026480837093281182 -0.017625892222497302 0.058009491018336246 0.028416283974986117 -0.012370430938561678 0.029957427122737891 -0.00073926298368975148 0.015039704126837271 -0.0066798703900594752 -0.0031391954398572275 0.036990482502344414 0.00031154017007851379 0.033877328311657469 0.022931472823728871 0.039221825094312414 0.010658424738641443 -7.5698014279692452e-05 0.017863886857794678 -0.013406991411224017 0.0070285806998587113 -0.020229057272941924 0.031234251981791382 0.0066884990792047917
leaf_weight=9.8810228854417783 8.5822312831878644 7.8144899010658255 20.997170157730579 60.561439014971256 10.824067816138266 44.289635896682739 10.162243559956549 12.13854134082794 160.91346800327301 9.9535051286220568 55.481265500187874 114.15436474978924 16.859593525528908 17.510370016098026 31.260000810027122 14.282843038439749 11.986567109823229 10.103031337261198 10.533713445067404 16.151767939329147 18.000243738293648 30.544148683547974 12.668298959732054 35.401229932904243 7.2175533771514875 7.9592302441596985 10.846810325980185 13.663243755698202 10.278477206826212 15.896431744098662
leaf_count=47 42 41 161 482 50 207 45 52 986 43 228 692 72 82 139 65 51 43 45 68 76 125 52 172 44 49 54 64 47 74
internal_value=0.000586812 -0.00999657 0.00744341 -0.0174626 0.0141937 0.0212526 0.0183461 0.0210909 -0.0138732 0.0350264 0.0250338 -0.00937433 0.0420821 -0.00129316 0.0124573 0.00823099 0.0263003 0.0205132 0.0169854 0.0207047 0.0127453 0.0299707 0.0253172 0.00554121 -0.0107252 0.00164935 -0.00527753 -0.00964479 0.0124047 0.0171219
internal_weight=816.917 512.147 153.527 358.621 132.529 81.9268 304.77 233.313 298.059 37.6372 175.631 137.146 26.8131 50.6027 57.6814 45.5428 165.469 66.7753 56.6723 46.1386 29.9868 98.6937 68.1496 71.4572 129.331 15.1768 42.0204 31.1736 36.0559 26.1749
internal_count=4398 3069 775 2294 614 372 1329 989 1812 165 733 826 115 242 256 204 688 283 240 195 127 405 280 340 785 93 200 146 168 121
cat_boundaries=0 1 2 3 4 5
cat_threshold=2 1 1 2 2
is_linear=0
shrinkage=0.03


Tree=23
num_leaves=31
num_cat=3
split_feature=0 0 4 2 6 5 3 3 3 6 3 5 3 3 6 5 5 3 6 3 3 5 3 2 3 3 6 3 3 6
split_gain=148.221 65.4289 12.1461 7.08805 7.8818 7.67311 6.25804 4.27117 5.95325 4.49251 4.1214 3.05078 2.95951 5.33436 2.8776 3.77661 2.81114 2.7454 4.79007 4.02438 3.12606 5.89126 5.12624 3.46217 3.588 2.53949 3.02927 2.84296 6.83803 3.58162
threshold=0 1 2 2.5000000000000004 70.500000000000014 105.50000000000001 1123658.0000000002 3618779.5000000005 2821585.0000000005 426.50000000000006 4605662.5000000009 27.500000000000004 3470459.5000000005 3009143.0000000005 766.50000000000011 126.50000000000001 3.5000000000000004 3853831.0000000005 118.50000000000001 2898611.5000000005 3025910.5000000005 56.500000000000007 3168309.5000000005 2.5000000000000004 3597990.0000000005 218994.50000000003 44.500000000000007 995244.00000000012 1524620.0000000002 115.50000000000001
decision_type=1 1 1 2 2 2 2 2 2 2 2 2 2 2 2 2 2 2 2 2 2 2 2 2 2 2 2 2 2 2
left_child=2 16 7 4 -4 10 -5 8 9 -1 12 -9 13 -6 15 -8 -2 19 -19 25 -21 -22 -23 24 -24 -18 -27 -28 -29 -30
right_child=1 -3 3 6 5 -7 14 11 -10 -11 -12 -13 -14 -15 -16 -17 17 18 -20 20 21 22 23 -25 -26 26 27 28 29 -31
leaf_value=0.016447702419029406 0.0077046635384532113 -0.034661439574471438 -0.0012732302562566062 0.029368312377970388 0.03179858811384232 0.016454350145902377 0.0065049688105250593 0.025184407804906779 -0.021152328423338362 -0.0040509070552770931 0.010628734173398394 0.0021291472401200251 0.043254587749558815 0.0075682723296001432 0.016296701631918237 -0.016285448893215128 0.0036358584062487734 0.010499351823565907 -0.012651556845833902 0.015062113873171011 -0.010748350734053542 -0.015009284687896149 0.0071143103546333882 -0.003150983261753889 0.030810130458497741 -0.024729666615426967 -0.012242906941126966 0.0056225395408814683 0.0088536432156915909 -0.010233692531799102
leaf_weight=14.862395092844961 13.696436062455176 80.529760360717773 10.811198472976683 11.337297126650808 60.298414066433907 63.75034786760807 20.383621841669086 10.575191482901575 9.7107764631509763 23.709734514355659 10.057009130716322 9.6915565282106382 20.917935863137245 10.290168046951292 12.467120707035063 8.4305888712406141 19.948595494031906 8.1810306906700117 79.700008273124695 11.447618082165716 31.824681952595711 7.542143076658248 15.01345966756344 10.616820037364958 9.2414749413728696 7.8517610132694236 57.401765733957291 42.915282145142555 8.9905162006616575 94.510892674326897
leaf_count=71 76 650 48 49 245 269 90 50 48 112 43 45 85 42 54 40 107 46 462 63 177 42 85 61 51 45 329 239 50 537
internal_value=-8.94113e-05 -0.0100672 0.0166495 0.019679 0.0234332 0.0250469 0.0105805 0.00312413 -0.00133423 0.00406354 0.0302273 0.0147779 0.0322431 0.0284214 0.00484819 -0.000485727 -0.00526774 -0.00572413 -0.0104025 -0.0043998 0.00114581 -0.00117175 0.00609598 0.0109518 0.0170052 -0.00644747 -0.00741039 -0.00662571 -0.00435542 -0.00850684
internal_weight=796.706 499.412 297.293 228.744 176.125 165.314 52.6186 68.5497 48.2829 38.5721 101.564 20.2667 91.5065 70.5886 41.2813 28.8142 418.882 405.186 87.881 317.305 85.6862 74.2386 42.4139 34.8718 24.2549 231.619 211.67 203.818 146.417 103.501
internal_count=4311 3020 1291 965 732 684 233 326 231 183 415 95 372 287 184 130 2370 2294 508 1786 479 416 239 197 136 1307 1200 1155 826 587
cat_boundaries=0 1 2 3
cat_threshold=2 1 2
is_linear=0
shrinkage=0.03


Tree=24
num_leaves=31
num_cat=1
split_feature=1 4 5 6 2 6 6 5 1 5 6 6 1 6 3 3 3 3 3 3 3 3 3 6 1 5 1 5 6 6
split_gain=28.5942 24.0516 13.9293 10.8045 6.62135 7.91686 5.87378 5.083 7.81519 4.93535 4.9264 4.79116 4.42349 3.69215 8.16715 5.30754 4.08016 3.54776 3.29832 4.87001 3.21881 3.56945 3.20059 5.8859 3.63809 4.12541 3.04516 4.49637 3.16615 4.00046
threshold=4.5000000000000009 0 57.500000000000007 739.50000000000011 2.5000000000000004 694.50000000000011 751.50000000000011 18.500000000000004 8.5000000000000018 144.50000000000003 766.50000000000011 220.50000000000003 8.5000000000000018 278.50000000000006 3618779.5000000005 1296706.5000000002 2992659.5000000005 2874836.5000000005 1270187.5000000002 849765.00000000012 4801733.0000000009 4539828.0000000009 502136.00000000006 954.50000000000011 17.500000000000004 39.500000000000007 22.500000000000004 8.5000000000000018 649.50000000000011 853.50000000000011
decision_type=2 1 2 2 2 2 2 2 2 2 2 2 2 2 2 2 2 2 2 2 2 2 2 2 2 2 2 2 2 2
left_child=1 -1 11 17 5 7 -7 12 13 18 -11 -3 -2 16 15 -15 -9 -4 19 -6 21 -10 23 -8 25 -24 27 -20 -29 -30
right_child=4 2 3 -5 9 6 22 8 20 10 -12 -13 -14 14 -16 -17 -18 -19 26 -21 -22 -23 24 -25 -26 -27 -28 28 29 -31
leaf_value=-0.0032976818222759173 -0.02038868541415385 0.012751919859489425 0.01015047667686393 0.028139938958434182 -0.0063359847343734624 -0.02015591079275136 0.024391560734957778 0.015002761151782378 0.00068936384534505494 -0.02762320578396156 -0.0017242039717425448 0.040145635749081011 -0.00062270533136422749 0.026041482435562171 0.040952040799850431 -0.0030329064243449291 -0.010290346581146788 -0.0056716422030649444 0.0096367818255740263 0.016371404242297188 0.017604751291398765 -0.018894212147594097 -0.0018461728273129799 -0.0099675232918742633 0.00029949046764843931 -0.016021501147034753 0.001315555455359175 -0.01950143851022924 0.0052105038380195253 -0.016288939259037676
leaf_weight=77.555350132286549 14.625429116189478 8.6092339009046537 32.023716144263744 24.13738951086998 21.660564534366131 22.954023830592632 8.3554193899035472 11.566355399787428 177.18389916419983 19.466437786817554 9.9700721874833089 29.054179400205612 29.48242349177599 8.4684652388095873 10.060110427439211 13.566370144486426 9.6312756240367872 19.954744271934032 7.5400349348783484 12.627712622284887 8.5751792937517148 7.789791338145732 32.960181057453156 7.8223425820469847 53.906482487916946 41.913517758250237 21.801021315157413 37.668968617916107 14.142201095819475 15.381361216306685
leaf_count=392 82 42 152 106 122 132 43 58 988 123 56 132 165 40 50 73 51 97 44 69 45 46 183 44 297 241 123 221 80 97
internal_value=8.89385e-05 0.0101946 0.0180543 0.0119784 -0.00304555 -0.00120499 -0.00637226 0.00178874 0.00346909 -0.0082754 -0.0191961 0.0343757 -0.00748348 0.0135278 0.0198015 0.00878645 0.00356482 0.0040839 -0.00569113 0.00225366 0.000644188 -0.00023252 -0.00406648 0.008165 -0.00565411 -0.00988795 -0.00850725 -0.0113523 -0.0138144 -0.0061571
internal_weight=810.454 191.335 113.779 76.1158 619.12 458.861 167.912 290.949 246.841 160.258 29.4365 37.6634 44.1079 53.2926 32.0949 22.0348 21.1976 51.9785 130.822 34.2883 193.549 184.974 144.958 16.1778 128.78 74.8737 96.5336 74.7326 67.1925 29.5236
internal_count=4394 921 529 355 3473 2538 940 1598 1351 935 179 174 247 272 163 113 109 249 756 191 1079 1034 808 87 721 424 565 442 398 177
cat_boundaries=0 1
cat_threshold=2
is_linear=0
shrinkage=0.03


Tree=25
num_leaves=31
num_cat=3
split_feature=0 1 0 0 1 5 2 1 3 3 3 6 6 6 1 2 1 5 5 5 5 1 3 3 3 2 3 6 6 3
split_gain=155.743 69.5437 43.3637 21.9544 8.89389 5.0985 4.82546 4.44056 4.33602 8.78144 4.08793 2.98097 3.66609 2.74647 3.57222 3.82375 10.1601 2.7042 2.00529 2.76613 4.48432 4.40633 4.15623 3.32095 2.0044 3.04129 1.91224 2.652 1.71644 3.4026
threshold=0 5.5000000000000009 1 2 6.5000000000000009 35.500000000000007 3.5000000000000004 7.5000000000000009 1871027.5000000002 2271099.5000000005 4579562.0000000009 201.50000000000003 552.50000000000011 928.50000000000011 9.5000000000000018 1.5000000000000002 23.500000000000004 44.500000000000007 24.500000000000004 35.500000000000007 62.500000000000007 3.5000000000000004 2081608.0000000002 2978073.0000000005 1089335.0000000002 2.5000000000000004 2220029.5000000005 488.50000000000006 342.50000000000006 3525787.0000000005
decision_type=1 2 1 1 2 2 2 2 2 2 2 2 2 2 2 2 2 2 2 2 2 2 2 2 2 2 2 2 2 2
left_child=4 2 6 7 5 11 10 -3 -6 -10 18 -1 -13 14 -11 17 -17 -16 26 -20 22 23 -21 -22 -7 -26 -2 -28 29 -9
right_child=1 3 -4 -5 8 24 -8 28 9 13 -12 12 -14 -15 15 16 -18 -19 19 20 21 -23 -24 -25 25 -27 27 -29 -30 -31
leaf_value=-0.013775020688222067 6.4307504235363417e-05 -0.0046021386129465845 -0.033448008764109485 -0.034231954925561171 0.026315331173027291 0.025568062219483403 -0.0014265784712633024 -0.015442052448461864 -0.004325609511841977 0.0034497640109865937 -0.0027501719787348501 0.01957020992932992 -0.0018190796498053349 0.031999512932087859 0.012937821736327201 0.023146775491749476 -0.007150359229603968 0.032481439793853484 0.033522805664977666 0.018141102309077648 0.019691967285066666 0.0084555637417087961 -0.0084785249656279711 0.043087013603788901 0.016062187285665407 -0.0026976780969578764 0.026858782454389284 0.0039165012519572278 -0.017184362856295324 -0.001151814614127947
leaf_weight=8.3851350396871549 11.091993466019632 40.031390070915222 19.792654626071453 58.170594811439514 80.730091840028763 12.810497447848318 17.427195653319359 51.111530974507332 14.98368465900421 14.170227229595183 9.8729542493820173 9.910451680421831 20.837297633290291 15.20371702313423 10.892734840512274 30.199060171842575 14.062500923871992 26.05033104121685 11.408184036612509 9.2056408226490039 18.43018634617329 15.407474428415297 10.053022533655165 9.8163581788539869 31.198115959763527 9.9118097424507123 8.6095071732997912 9.3476389050483686 174.46099969744682 21.294202521443367
leaf_count=40 53 217 159 488 341 55 81 321 65 63 48 46 97 64 47 132 63 108 52 42 80 74 46 43 133 45 41 44 1101 130
internal_value=0.000210293 -0.0101049 0.00688303 -0.0175108 0.0172627 0.00941337 0.0131996 -0.0140133 0.0207408 0.0169771 0.0154433 0.00110921 0.00547428 0.0198766 0.0176321 0.0200348 0.0135757 0.0272118 0.0171906 0.0198455 0.0168797 0.0221122 0.00451304 0.0290176 0.0153102 0.0115824 0.00996381 0.0157527 -0.0155147 -0.0113123
internal_weight=794.877 495.532 150.463 345.069 299.346 93.0533 130.67 286.898 206.292 125.562 113.243 39.1329 30.7477 110.579 95.3749 81.2046 44.2616 36.9431 103.37 74.3209 62.9127 43.654 19.2587 28.2465 53.9204 41.1099 29.0491 17.9571 246.867 72.4057
internal_count=4319 3020 763 2257 1299 416 604 1769 883 542 523 183 143 477 413 350 195 155 475 337 285 197 88 123 233 178 138 85 1552 451
cat_boundaries=0 1 2 3
cat_threshold=2 1 1
is_linear=0
shrinkage=0.03


Tree=26
num_leaves=31
num_cat=3
split_feature=0 0 4 6 5 3 3 2 3 3 3 6 6 5 6 6 5 6 5 5 6 6 3 6 5 6 3 3 5 3
split_gain=146.558 59.9736 13.7151 7.67955 6.59102 3.01111 4.92879 2.94156 3.01057 2.50052 2.42696 2.40231 3.21192 2.70959 5.92519 6.01466 6.98188 3.50525 1.89161 4.20673 2.29798 4.04168 2.42259 1.86793 1.77204 4.39657 2.80411 4.26862 3.09013 1.77152
threshold=0 1 2 64.500000000000014 130.50000000000003 3618779.5000000005 2898611.5000000005 1.5000000000000002 1270187.5000000002 137549.00000000003 1487795.0000000002 196.50000000000003 273.50000000000006 114.50000000000001 658.50000000000011 975.50000000000011 45.500000000000007 795.50000000000011 99.500000000000014 108.50000000000001 663.50000000000011 920.50000000000011 2292833.5000000005 230.50000000000003 127.50000000000001 359.50000000000006 3525787.0000000005 2439313.5000000005 151.50000000000003 4381408.0000000009
decision_type=1 1 1 2 2 2 2 2 2 2 2 2 2 2 2 2 2 2 2 2 2 2 2 2 2 2 2 2 2 2
left_child=2 9 5 -4 11 6 7 10 -9 -2 -1 -5 -13 14 -14 16 -16 -18 -11 -20 24 -22 -23 -6 25 -21 27 -26 -28 -7
right_child=1 -3 3 4 23 29 -8 8 -10 18 -12 12 13 -15 15 -17 17 -19 19 20 21 22 -24 -25 26 -27 28 -29 -30 -31
leaf_value=0.00087740604100604031 0.0072115360636150908 -0.03429242120183898 -0.0016134583025448077 0.035840023081432318 0.00070174847950673714 0.021256550237749087 -0.021004721339367333 0.0066433629813388894 -0.015102566845528667 -0.0042113617440213032 0.022442174711045856 0.0069388212346648869 0.030207976287828335 0.037893416657470626 0.021767054136675266 0.031226691218646671 0.011121581457644887 -0.011617784724076246 -0.021743082790677527 -0.009194563238640303 -0.0184726931406284 0.0082605064157052488 -0.010600591087899552 0.015435395589598611 -0.0032971016536591682 0.017316497635755948 -0.0086224228503931372 -0.023374179457044387 0.015566949345834266 0.0038574890625651392
leaf_weight=9.309049606323244 12.928159981966017 75.346790231764317 12.982224047183989 20.068986058235168 9.2020877301692945 9.2835294753313082 8.2439704537391645 10.721083596348764 10.349193692207335 258.86910824477673 8.6578948795795423 10.750675424933432 53.230583757162094 14.262714475393294 21.289123371243477 16.021616607904434 9.834940969944002 12.994447976350783 18.003344669938087 10.37671507894993 29.650458186864853 10.735921233892443 11.861581310629843 51.407687023282051 29.829935535788536 10.238122582435606 8.1631270647048968 13.296936109662054 9.0010536760091764 11.931968867778776
leaf_count=43 70 640 58 84 40 43 41 51 50 1456 40 45 219 60 88 65 41 54 105 61 176 60 71 219 174 60 47 81 52 56
internal_value=0.000159912 -0.00981373 0.016674 0.0198373 0.0220115 0.00259841 -0.00128233 0.0033033 -0.00423803 -0.0053824 0.0119044 0.0252602 0.0234797 0.0248082 0.0228451 0.0159407 0.00982049 -0.001766 -0.00579607 -0.00846449 -0.00652044 -0.0113731 -0.00166949 0.0132462 -0.00328609 0.00416385 -0.00585976 -0.00987672 0.00422136 0.0120851
internal_weight=798.843 498.301 300.542 232.045 219.063 68.4967 47.2812 39.0372 21.0703 422.954 17.9669 158.453 138.384 127.633 113.371 60.1401 44.1185 22.8294 410.026 151.157 133.154 52.248 22.5975 60.6098 80.9059 20.6148 60.2911 43.1269 17.1642 21.2155
internal_count=4350 3053 1297 973 915 324 225 184 101 2413 83 656 572 527 467 248 183 95 2343 887 782 307 131 259 475 121 354 255 99 99
cat_boundaries=0 1 2 3
cat_threshold=2 1 2
is_linear=0
shrinkage=0.03


Tree=27
num_leaves=31
num_cat=4
split_feature=0 1 0 0 1 4 6 3 3 6 3 6 3 3 5 3 1 5 1 3 3 5 3 3 5 5 3 3 5 5
split_gain=145.902 71.8123 39.2154 24.1873 11.7667 11.2359 6.48731 6.46204 5.83848 4.30624 3.89315 3.67826 3.541 4.86165 3.82627 3.58302 3.3852 8.01692 3.08764 2.91865 2.89823 2.52242 2.83829 2.42658 2.30176 2.65482 3.64647 2.79155 4.99061 3.25147
threshold=0 4.5000000000000009 1 2 7.5000000000000009 3 302.50000000000006 2726178.0000000005 4605662.5000000009 278.50000000000006 780952.50000000012 302.50000000000006 3618779.5000000005 2821585.0000000005 14.500000000000002 1270187.5000000002 21.500000000000004 140.50000000000003 27.500000000000004 2726178.0000000005 1808793.5000000002 31.500000000000004 2874836.5000000005 1562166.0000000002 3.5000000000000004 41.500000000000007 481606.50000000006 3525787.0000000005 124.50000000000001 94.500000000000014
decision_type=1 2 1 1 2 1 2 2 2 2 2 2 2 2 2 2 2 2 2 2 2 2 2 2 2 2 2 2 2 2
left_child=5 2 11 4 6 12 7 -3 9 23 -8 20 13 14 -1 -16 -11 18 19 -18 -2 -12 -23 -7 -6 26 -26 -27 29 -29
right_child=1 3 -4 -5 24 8 10 -9 -10 16 21 -13 -14 -15 15 -17 17 -19 -20 -21 -22 22 -24 -25 25 27 -28 28 -30 -31
leaf_value=0.018419889292796508 -0.0046783170932104112 0.028274381199628811 -0.03285637656205672 -0.03392301815158396 0.0011431244748762051 0.022177891851248667 0.0094882154960541261 -0.0056282096814869132 0.0041635922774631885 0.027399997478044755 -0.022525779791338317 0.019160295283672055 0.014436471517482972 -0.018040066468223807 0.0095720879908170534 -0.010974506394214751 0.0059807312818022868 -0.006093831441991944 0.035602653562302293 0.025436881863817856 0.013463372492060845 -0.015918582590342505 0.0059123192822712412 0.0076724424444795563 -0.0013051120070374006 -0.016568963889987662 -0.023594443106993518 -0.0072422012171044822 0.0030794462616771981 -0.027314191927841774
leaf_weight=11.572959348559378 11.797749519348143 10.229601532220842 16.203269094228745 58.40893542766571 6.9358708560466757 17.087786942720413 8.6137519329786283 8.6989549100399 18.245494365692139 114.00922667980194 12.320467069745066 81.554718866944313 20.735936120152473 9.7437396049499494 13.391309961676599 15.299181193113325 13.63630022108555 10.128769546747206 12.40790671110153 15.033945485949515 20.832612782716751 9.8278378695249575 9.8317887187004072 28.567704454064369 7.4988994002342215 121.27622078359127 63.150382801890373 19.138636410236362 21.332406222820282 11.848427981138228
leaf_count=53 56 50 135 515 43 72 43 45 78 472 70 362 96 49 63 73 56 44 51 62 98 56 55 123 47 776 403 121 133 76
internal_value=0.000357558 -0.0095676 0.00951838 -0.0163172 -0.0129093 0.0168675 -0.000896149 0.0131932 0.0198416 0.0221086 -0.00762515 0.0157646 0.0037978 -6.55955e-05 0.004616 -0.00138497 0.0244031 0.0173335 0.0231176 0.0166965 0.00696004 -0.0123825 -0.00524321 0.0134605 -0.0157412 -0.0162234 -0.0212798 -0.0140554 -0.00802748 -0.015531
internal_weight=799.361 499.501 130.388 369.112 310.703 299.86 59.5224 18.9286 229.117 210.872 40.5938 114.185 70.7431 50.0072 40.2635 28.6905 165.216 51.2069 41.0782 28.6702 32.6304 31.9801 19.6596 45.6555 251.181 244.245 70.6493 173.596 52.3195 30.9871
internal_count=4376 3084 651 2433 1918 1292 319 95 958 880 224 516 334 238 189 136 685 213 169 118 154 181 111 195 1599 1556 450 1106 330 197
cat_boundaries=0 1 2 3 4
cat_threshold=2 1 1 2
is_linear=0
shrinkage=0.03


Tree=28
num_leaves=31
num_cat=1
split_feature=1 4 5 6 6 6 3 5 2 3 3 6 1 5 6 6 3 3 5 5 5 5 6 3 3 5 1 5 1 5
split_gain=25.7389 9.69141 9.23404 8.63218 7.11678 6.19089 5.96263 5.26179 5.01972 5.47319 7.0535 4.71711 5.65131 9.45447 4.97796 3.86633 3.56668 3.72498 2.81825 3.92831 2.69239 5.95607 3.29368 2.61828 5.4637 2.55084 7.42322 4.01242 3.56116 3.93138
threshold=4.5000000000000009 0 57.500000000000007 568.50000000000011 131.00000000000003 174.50000000000003 1226936.5000000002 3.5000000000000004 2.5000000000000004 1270187.5000000002 918942.50000000012 705.50000000000011 10.500000000000002 40.500000000000007 743.50000000000011 824.50000000000011 4801733.0000000009 4354101.0000000009 121.50000000000001 65.500000000000014 116.50000000000001 138.50000000000003 474.50000000000006 2698695.5000000005 3618779.5000000005 121.50000000000001 24.500000000000004 156.50000000000003 21.500000000000004 76.500000000000014
decision_type=2 1 2 2 2 2 2 2 2 2 2 2 2 2 2 2 2 2 2 2 2 2 2 2 2 2 2 2 2 2
left_child=1 -1 5 4 -4 -3 -5 -2 11 10 18 12 13 -9 -13 -7 17 -14 19 -10 22 -22 -15 -8 -25 28 27 -27 -16 -30
right_child=7 2 3 6 -6 15 23 8 9 -11 -12 14 16 20 25 -17 -18 -19 -20 -21 21 -23 -24 24 -26 26 -28 -29 29 -31
leaf_value=-0.00056936796708689449 0.010649152218494591 0.0025788137503516893 0.01931614191309235 0.038193690055028852 -0.0086860105694700814 0.03950053236282957 0.00029543441581149626 -0.0058925331366224496 -0.011805087720219522 -0.01255272352635328 0.016928344270745768 -0.023953958404839552 -0.0031112584963969565 0.010526319370116902 -0.011075058393909381 0.01475942740425772 0.013773928198242314 -0.01853690072384695 -0.021194734126752789 0.015513952037994206 -0.014984868642323653 0.015483304121780539 0.030599805615795079 0.03198351992907035 -0.00066070384171208524 0.016138894982944244 -0.022880952442821671 -0.0056371960821301288 0.010329937471302546 -0.013380920529032935
leaf_weight=75.723980374634266 20.682217501103878 8.1245031878352147 10.086726568639277 9.2967676222324354 30.066378995776176 21.018310785293583 12.317303568124773 38.610382571816444 11.330823995172983 110.51357477903366 13.912162683904169 13.232887282967566 159.50432526320219 20.697204694151878 73.320626482367516 9.9906213134527189 9.2134811133146268 14.546441666781901 9.190770819783209 6.6986556351184836 7.8641742467880276 15.795137301087378 12.16716557741165 9.8344032168388384 7.9685066044330588 19.234304450452331 7.9544242396950713 11.554992914199827 16.528982579708103 8.8335276842117292
leaf_count=383 115 40 49 40 144 93 56 210 63 664 76 80 914 109 426 45 49 84 56 40 42 83 61 44 40 107 49 66 94 47
internal_value=-0.000822999 0.00863858 0.0133967 0.00846608 -0.00135324 0.0262993 0.0182548 -0.00389118 -0.00442646 -0.00910264 0.000244887 -0.00275639 -0.00043579 0.00546232 -0.00701339 0.0322394 -0.00351058 -0.004499 -0.00857967 -0.00137313 0.0131862 0.00515893 0.0186421 0.011071 0.018114 -0.00522092 0.00128067 0.00804624 -0.00776073 0.00187735
internal_weight=795.814 194.428 118.704 79.5701 40.1531 39.1334 39.417 601.386 580.704 151.646 41.1324 429.058 278.398 95.1341 150.66 31.0089 183.264 174.051 27.2203 18.0295 56.5237 23.6593 32.8644 30.1202 17.8029 137.427 38.7437 30.7893 98.6831 25.3625
internal_count=4369 934 551 373 193 178 180 3435 3320 899 235 2421 1552 505 869 138 1047 998 159 103 295 125 170 140 84 789 222 173 567 141
cat_boundaries=0 1
cat_threshold=2
is_linear=0
shrinkage=0.03


Tree=29
num_leaves=31
num_cat=3
split_feature=0 1 0 0 5 2 3 3 5 5 2 3 3 1 1 5 5 3 3 3 3 1 1 3 3 1 3 3 3 3
split_gain=136.988 61.2019 39.0894 19.3182 10.1849 6.89411 5.21434 9.38648 5.19103 5.06251 5.75654 4.21813 4.16847 3.49116 3.42667 3.2729 2.86434 2.81565 2.81254 3.09572 2.62769 2.52648 3.44958 2.45155 5.66506 5.28216 3.0938 2.87874 2.41184 2.41109
threshold=0 5.5000000000000009 1 2 35.500000000000007 2.5000000000000004 3639158.5000000005 3168309.5000000005 104.50000000000001 28.500000000000004 1.5000000000000002 1871027.5000000002 240132.50000000003 4.5000000000000009 5.5000000000000009 121.50000000000001 159.50000000000003 4579562.0000000009 995244.00000000012 4579562.0000000009 3928892.5000000005 6.5000000000000009 13.500000000000002 1524620.0000000002 1906308.5000000002 7.5000000000000009 895933.50000000012 1089335.0000000002 1358864.5000000002 1375009.5000000002
decision_type=1 2 1 1 2 2 2 2 2 2 2 2 2 2 2 2 2 2 2 2 2 2 2 2 2 2 2 2 2 2
left_child=4 2 12 23 6 8 7 9 17 10 11 -1 -2 18 -10 -16 -17 -6 -14 -20 21 -7 -23 25 -25 -3 -27 -28 -12 -29
right_child=1 3 -4 -5 5 20 -8 -9 14 -11 28 -13 13 -15 15 16 -18 -19 19 -21 -22 22 -24 24 -26 26 27 29 -30 -31
leaf_value=0.031027812872884756 0.030576725055686153 0.0072571875327285956 -0.032995551557594621 -0.033688650944584654 0.029575432826738118 -0.00059268783511763623 0.01945517743030678 -0.022338086236991486 0.0027207418003480288 -0.0071148785395363555 0.012299496278285782 0.0051171159739596536 -0.0013325034975323912 -0.0018682470203024719 0.0039300918766109645 0.028759110835354623 0.011743741622697765 0.010639095518703179 0.015792606117046352 -0.0015582104043469591 -0.0033762943693555585 0.031716182597716983 0.0091636578253745504 -0.031115662665619121 -0.013976510774479454 -0.017666358739798795 0.0076371475552365793 -0.018594145445217911 -0.0047247375222903652 0.00075177864626471409
leaf_weight=16.246406227350239 8.9593073278665525 13.477949455380438 19.349498212337494 52.621728293597698 76.198558300733566 9.1694072484970075 25.306689813733101 9.6668036878108961 14.23878727853298 15.085004165768622 12.246179640293123 9.0926831811666471 12.154738306999205 18.543372705578804 10.489564523100851 27.91744963824749 15.951638311147688 9.4102373123168928 83.050750628113747 10.208279669284819 10.926794648170469 9.131161108613016 18.620372995734215 19.345844432711601 172.33270925283432 45.343777924776077 9.85517470538616 13.823875471949579 16.366036206483841 9.3990451395511609
leaf_count=70 40 69 166 478 312 41 112 45 60 68 54 41 55 97 44 115 67 40 371 49 50 40 82 124 1096 290 63 88 74 59
internal_value=-9.92007e-05 -0.00995314 0.00580008 -0.0170839 0.0156085 0.0195322 0.00787277 0.00395112 0.0226232 0.00789865 0.0121496 0.0222773 0.011652 0.0100504 0.0160542 0.0194346 0.0229716 0.0276408 0.0121449 0.013897 0.00931098 0.0130558 0.0174292 -0.0138951 -0.0158589 -0.0096725 -0.0126369 -0.00542627 0.00273101 -0.0110565
internal_weight=794.53 488.466 152.266 336.2 306.064 202.054 104.01 78.7031 154.206 69.0363 53.9513 25.3391 132.916 123.957 68.5974 54.3587 43.8691 85.6088 105.414 93.259 47.8477 36.9209 27.7515 283.578 191.679 91.8998 78.4219 33.0781 28.6122 23.2229
internal_count=4360 3045 778 2267 1315 851 464 352 638 307 239 111 612 572 286 226 182 352 475 420 213 163 122 1789 1220 569 500 210 128 147
cat_boundaries=0 1 2 3
cat_threshold=2 1 1
is_linear=0
shrinkage=0.03


Tree=30
num_leaves=31
num_cat=5
split_feature=0 1 0 0 4 4 6 5 1 1 3 3 3 6 6 5 3 6 5 6 6 6 6 5 3 1 1 6 6 6
split_gain=122.407 71.995 41.1219 19.4547 12.0291 9.66869 8.41208 7.76227 5.62926 4.68988 4.36612 4.23917 4.90478 4.89438 3.77382 3.18662 2.8453 2.74533 2.64039 2.62147 2.22463 2.95801 2.14443 2.87537 3.37525 2.47828 2.03319 2.00522 4.59565 1.96426
threshold=0 5.5000000000000009 1 2 3 4 525.50000000000011 77.500000000000014 7.5000000000000009 1.5000000000000002 4562861.5000000009 2240119.5000000005 1437751.0000000002 316.50000000000006 316.50000000000006 58.500000000000007 2422432.5000000005 291.50000000000006 71.500000000000014 347.50000000000006 535.50000000000011 795.50000000000011 75.500000000000014 138.50000000000003 1846167.5000000002 20.500000000000004 6.5000000000000009 192.50000000000003 316.50000000000006 568.50000000000011
decision_type=1 2 1 1 1 1 2 2 2 2 2 2 2 2 2 2 2 2 2 2 2 2 2 2 2 2 2 2 2 2
left_child=5 2 4 8 11 14 9 -8 17 -6 22 12 -2 -13 16 -11 -1 -3 -12 -17 -16 -22 -7 27 -25 -26 -23 -24 -29 -30
right_child=1 3 -4 -5 6 10 7 -9 -10 15 18 13 -14 -15 20 19 -18 -19 -20 -21 21 26 23 24 25 -27 -28 28 29 -31
leaf_value=0.0038536217870839928 0.0017807360083029185 0.0088862940534901336 -0.032747339077622471 -0.033555272687167056 0.02874855578812166 0.0081314061949550216 0.048669039488942703 0.020372093694824244 -0.015440256289104566 0.020000041911616057 -0.006655234308007984 0.024517852968099278 -0.025899035552625072 -0.00099157792779086453 0.018361387411184742 -0.0091616548469875946 -0.017428356549670645 -0.0080706074698737029 0.014388589740386058 0.011223037219089427 -0.0048398050368250699 0.0030805878683262322 0.032899413112577977 0.022429561588653106 0.012936283989364028 -0.0050074164941479368 0.021745184375837421 0.0055840934478771399 0.02902281148326754 0.019755919973002509
leaf_weight=10.651733785867693 14.570438429713251 11.259153574705122 18.558867491781712 52.950110621750355 10.401804372668265 15.729424461722372 15.243771120905874 24.861583679914474 242.21513172984123 8.8306184709072131 9.4062680602073687 9.4217933565378207 8.4042319357395154 19.105241477489471 12.576230898499487 12.510557577013971 10.376597851514815 28.10664901137352 10.26617495715618 8.7961036860942823 17.645485118031502 12.309747874736788 17.046637460589409 20.614507555961609 17.462425485253338 10.395876199007033 8.7051935344934446 16.413320094347 38.158276230096817 82.381363764405251
leaf_count=50 69 58 164 493 46 69 66 108 1576 40 40 45 40 91 58 59 51 158 44 40 82 59 70 86 74 45 40 68 156 338
internal_value=0.000180234 -0.00922258 0.00795777 -0.0169629 0.0138775 0.014874 0.0199465 0.0320499 -0.0137351 0.0122911 0.0175598 0.000315998 -0.00900257 0.00797859 0.00309502 0.00587 -0.00696258 -0.00312071 0.0044914 -0.000620309 0.00786959 0.0040797 0.0195132 0.0203531 0.0134736 0.00629875 0.0114487 0.0224176 0.0208839 0.0229041
internal_weight=795.375 485.236 150.705 334.531 132.146 310.139 80.6444 40.1054 281.581 40.5391 237.874 51.5017 22.9747 28.527 72.265 30.1373 21.0283 39.3658 19.6724 21.3067 51.2367 38.6604 218.202 202.472 48.4728 27.8583 21.0149 154 136.953 120.54
internal_count=4383 3053 768 2285 604 1330 359 174 1792 185 990 245 109 136 340 139 101 216 84 99 239 181 906 837 205 119 99 632 562 494
cat_boundaries=0 1 2 3 4 5
cat_threshold=2 1 1 2 2
is_linear=0
shrinkage=0.03


Tree=31
num_leaves=31
num_cat=5
split_feature=0 1 0 0 4 1 6 5 4 6 5 1 5 6 6 2 1 6 5 1 1 2 5 5 1 5 5 1 5 5
split_gain=121.987 62.1473 39.1195 19.0675 12.535 8.99167 6.86271 6.41332 6.07754 4.36916 4.45997 4.11466 3.67111 6.33995 5.55287 4.32677 4.6597 3.81958 3.45693 2.54069 2.4613 2.39597 2.3642 3.73765 4.75602 2.19932 1.95128 1.8313 1.8055 2.01745
threshold=0 5.5000000000000009 1 2 3 3.5000000000000004 205.50000000000003 58.500000000000007 4 210.50000000000003 32.500000000000007 7.5000000000000009 59.500000000000007 891.50000000000011 817.50000000000011 1.5000000000000002 7.5000000000000009 1012.5000000000001 83.500000000000014 1.5000000000000002 20.500000000000004 1.5000000000000002 36.500000000000007 13.500000000000002 17.500000000000004 101.50000000000001 87.500000000000014 2.5000000000000004 3.5000000000000004 41.500000000000007
decision_type=1 2 1 1 1 2 2 2 1 2 2 2 2 2 2 2 2 2 2 2 2 2 2 2 2 2 2 2 2 2
left_child=8 2 4 11 9 6 -6 -8 19 -2 27 -3 22 14 15 16 -14 -15 -17 -1 -20 -7 23 -10 -25 -18 -23 -11 -13 -30
right_child=1 3 -4 -5 5 21 7 -9 12 10 -12 28 13 17 -16 18 25 -19 20 -21 -22 26 -24 24 -26 -27 -28 -29 29 -31
leaf_value=-0.0079027895575203792 0.014442390257274843 -0.0042728418718106656 -0.032659149000934619 -0.033376444763881193 0.0065264192530051475 -0.0025851339190182216 0.050193434368650543 0.023777878261966715 0.029210322163975309 0.0072117842214826106 -0.020940042201338608 8.5726352016544575e-05 0.0053359884109145236 0.039342818529245142 -0.0080861798770977336 -0.0049624124705682565 0.033466701668949113 0.013166451384641337 0.01682490280342978 0.0076122072405353618 0.0021188634558645283 0.023282909965795292 0.030253021084070172 0.019541939870100583 -0.0055281941049046537 0.018380016837558511 0.0034065021655758495 -0.0076976385470413173 -0.019703720421246965 -0.013209444539186075
leaf_weight=10.45087970793247 11.271671891212462 40.710322141647339 18.940082542598248 49.614882133901119 11.60546664893627 13.011596605181696 13.565379306674002 29.055518850684166 17.612657859921455 15.712178826332094 11.448593094944952 7.1828898936510077 15.655438244342802 13.808671832084658 10.189513340592383 13.082927256822584 17.276033207774162 9.76976230740547 31.471749514341354 58.762658983469009 15.428996056318281 8.7916195690631884 31.821195185184479 19.329618588089946 9.6895622164010984 28.66815972328186 8.8766983151435834 12.332442089915274 67.518836304545403 164.84198744595051
leaf_count=50 54 224 171 474 53 61 57 123 72 73 54 45 65 56 43 55 70 40 134 276 69 40 130 79 40 118 43 61 446 1083
internal_value=0.000328809 -0.00900342 0.00666173 -0.0163437 0.0123498 0.0182826 0.0276682 0.0331434 0.0152302 -0.00106121 -0.00599552 -0.0132203 0.0174254 0.0152925 0.0125522 0.0143337 0.0199013 0.0294736 0.00838355 0.00454327 0.0121323 0.00711494 0.0235964 0.0185143 0.0112657 0.024645 0.0140142 0.000616166 -0.0147169 -0.0151729
internal_weight=787.498 484.48 154.611 329.869 135.671 84.9063 54.2264 42.6209 303.018 50.7649 39.4932 280.254 233.804 155.351 131.773 121.583 61.5996 23.5784 59.9837 69.2135 46.9007 30.6799 78.453 46.6318 29.0192 45.9442 17.6683 28.0446 239.544 232.361
internal_count=4359 3062 790 2272 619 377 233 180 1297 242 188 1798 971 650 554 511 253 96 258 326 203 144 321 191 119 188 83 134 1574 1529
cat_boundaries=0 1 2 3 4 5
cat_threshold=2 1 1 2 2
is_linear=0
shrinkage=0.03


Tree=32
num_leaves=31
num_cat=4
split_feature=0 0 1 4 4 1 2 1 2 5 5 5 3 1 5 1 5 3 5 3 3 5 3 3 3 3 3 3 5 1
split_gain=106.253 47.9698 50.8656 11.7339 9.32587 6.3658 5.74737 3.71845 4.03196 6.82581 4.17896 4.45789 5.60606 3.31454 3.28346 3.26659 3.68495 3.25956 3.89598 3.13702 2.58977 2.38612 2.33909 2.30605 2.15076 2.76135 2.13757 2.09454 2.07622 2.32422
threshold=0 1 5.5000000000000009 2 3 2.5000000000000004 1.5000000000000002 11.500000000000002 2.5000000000000004 139.50000000000003 75.500000000000014 17.500000000000004 2422432.5000000005 7.5000000000000009 37.500000000000007 7.5000000000000009 10.500000000000002 2240119.5000000005 31.500000000000004 4562861.5000000009 3318154.5000000005 15.500000000000002 2956766.0000000005 1467645.5000000002 1846167.5000000002 1013685.0000000001 3559367.5000000005 2220029.5000000005 87.500000000000014 18.500000000000004
decision_type=1 1 2 1 1 2 2 2 2 2 2 2 2 2 2 2 2 2 2 2 2 2 2 2 2 2 2 2 2 2
left_child=4 2 3 17 14 -5 19 8 9 10 11 -4 13 -13 15 16 -1 23 -19 28 22 -17 24 -2 25 -8 -14 -26 -6 -30
right_child=1 -3 7 5 6 -7 20 -9 -10 -11 -12 12 26 -15 -16 21 -18 18 -20 -21 -22 -23 -24 -25 27 -27 -28 -29 29 -31
leaf_value=0.0082406344602465459 -0.0030587911082371887 -0.033494059705525749 -0.01595746580785273 0.026296697788210754 0.027153140946263518 0.0090612461287600931 0.0081903006666504703 -0.016118722704190128 -0.018306566156945821 0.01631150658503823 -0.021000910998927546 0.0051363624276429326 0.027815181353481603 -0.022069959736488075 0.015553564783413092 0.018792884786689345 -0.012815988190697122 0.010017968194285576 -0.012991033653139491 0.0043003254223303736 0.0053616177965480323 -0.00056816839051402799 0.028013364414710064 -0.021837646485621299 -0.0056119657378296932 0.023693733325682372 0.004517608655842306 0.011440637355436356 0.011711279133553886 0.02578945651183898
leaf_weight=9.6186169832944852 14.180173590779306 66.532819323241711 15.923833116888998 36.031200051307678 49.923574298620224 43.715657740831375 21.784269541501999 177.53302769362926 27.472893506288528 10.662310823798178 16.908796012401581 7.0765494853258151 6.4423564970493299 7.5021511018276215 11.557929471135138 8.684800937771799 25.57728636264801 21.777133971452717 8.381041541695593 9.8201244622468931 44.366009116172791 13.887481614947317 9.8137238919734937 9.5581237226724607 9.559746593236925 21.91075798869133 7.6631200313568115 16.401402130723 30.436239466071129 18.569830387830734
leaf_count=45 67 643 100 153 201 200 90 1179 175 64 103 37 40 49 52 40 124 104 40 41 190 65 41 46 41 91 47 70 125 76
internal_value=-0.00124989 -0.0100522 -0.00618369 0.00897402 0.0126549 0.0151959 0.0152618 -0.0134979 -0.00871502 -0.00486401 -0.00873643 -0.003729 0.00336843 -0.00938192 0.00144109 -0.00135385 -0.00699278 -0.00263013 0.00341198 0.0209761 0.0113384 0.00736232 0.014567 -0.0111971 0.0123029 0.0163206 0.0162952 0.00518606 0.0225718 0.017455
internal_weight=779.273 477.361 410.828 133.643 301.912 79.7469 232.586 277.185 99.652 72.1791 61.5168 44.608 28.6842 14.5787 69.3261 57.7682 35.1959 53.8965 30.1582 108.75 123.836 22.5723 79.4699 23.7383 69.6562 43.695 14.1055 25.9611 98.9296 49.0061
internal_count=4339 3047 2404 610 1292 353 966 1794 615 440 376 273 173 86 326 274 169 257 144 443 523 105 333 113 292 181 87 111 402 201
cat_boundaries=0 1 2 3 4
cat_threshold=2 1 2 2
is_linear=0
shrinkage=0.03


Tree=33
num_leaves=31
num_cat=2
split_feature=1 4 5 2 3 3 3 4 3 3 3 6 5 1 6 6 3 3 1 5 3 5 6 3 1 6 1 2 5 5
split_gain=15.078 11.0199 9.0582 5.78939 6.22095 5.30397 5.24125 4.69994 3.69815 3.11723 4.77798 6.06219 3.07984 3.72204 2.94037 5.03122 3.79341 4.33313 3.46301 5.09868 3.19685 5.97649 2.86304 3.85793 2.77143 2.63542 3.03239 2.43031 2.24411 2.20824
threshold=4.5000000000000009 0 98.500000000000014 1.5000000000000002 218994.50000000003 3891300.5000000005 1206581.5000000002 1 4030997.5000000005 1846167.5000000002 3769304.5000000005 548.50000000000011 162.50000000000003 26.500000000000004 562.50000000000011 522.50000000000011 3525787.0000000005 1995103.0000000002 18.500000000000004 106.50000000000001 4520715.5000000009 70.500000000000014 950.50000000000011 1332903.5000000002 1.0000000180025095e-35 832.50000000000011 5.5000000000000009 2.5000000000000004 82.500000000000014 34.500000000000007
decision_type=2 1 2 2 2 2 2 1 2 2 2 2 2 2 2 2 2 2 2 2 2 2 2 2 2 2 2 2 2 2
left_child=1 24 5 4 -2 -3 -4 12 22 -8 11 -11 13 -5 15 16 17 18 19 29 21 -18 25 -24 -1 26 -9 -26 -20 -6
right_child=3 2 6 7 14 -7 9 8 -10 10 -12 -13 -14 -15 -16 -17 20 -19 28 -21 -22 -23 23 -25 27 -27 -28 -29 -30 -31
leaf_value=-0.013000406093459736 0.021919728168177117 0.025371768596495484 0.019466928310857917 0.0038587215430116095 -0.0058620010157380987 0.0041594272150748107 -0.016776249182572554 -0.02229953209695798 -0.01653305904573937 -0.0063136276362639682 -0.011836008177678395 0.026761928384442499 -0.013910239734689113 -0.011588679690455909 -0.0035669725840209313 0.022327310666127798 0.027416691699141522 -0.010848755522553205 0.00073670526894311392 -0.020188382118692137 -0.0041423162571204942 0.00044826699853000321 -0.03276194104035457 -0.0056075880107766063 0.0041040935577252476 0.0066101328643918119 -0.004704713222557627 -0.0094803598529388834 0.021341949092256764 0.013904296093499852
leaf_weight=16.486689709126949 10.779196016490458 49.725386448204517 13.24475187063217 88.667914792895317 8.1393783241510445 13.973145343363283 8.5164549723267537 8.7258377373218519 39.971875980496407 8.5304061099886948 11.358267873525618 10.029946118593214 12.218896068632601 15.656293407082556 129.33791523426771 9.8779188618063909 13.562440909445288 33.486366458237171 8.2438733801245707 9.6151821315288526 12.433731578290461 15.096295259892939 7.2150982394814518 12.261875592172144 44.511685810983181 15.675468258559702 109.35751730948687 15.029831439256666 10.489917516708372 10.862964838743208
leaf_count=83 57 218 61 514 47 67 39 48 248 41 57 45 80 97 752 55 74 202 48 53 71 86 43 74 226 88 651 79 59 58
internal_value=-0.000197094 0.00708471 0.0123096 -0.00260129 0.000593361 0.0208548 0.00391781 -0.00539871 -0.00806412 -0.00179819 0.00287007 0.0120147 -0.000242263 0.00145246 -0.000367176 0.00277587 0.00102321 -0.00274982 0.00308358 -0.00347538 0.00833457 0.0137049 -0.00628495 -0.0167754 -0.00221214 -0.00464426 -0.00618123 0.000575071 0.0127714 0.0055679
internal_weight=773.083 191.407 115.378 581.676 271.925 63.6985 51.6798 309.751 193.208 38.4351 29.9186 18.5604 116.543 104.324 261.146 131.808 121.93 80.8377 47.3513 28.6175 41.0925 28.6587 153.236 19.477 76.0282 133.759 118.083 59.5415 18.7338 19.0023
internal_count=4321 916 528 3405 1562 285 243 1843 1152 182 143 86 691 611 1505 753 698 467 265 158 231 160 904 117 388 787 699 305 107 105
cat_boundaries=0 1 2
cat_threshold=2 12
is_linear=0
shrinkage=0.03


Tree=34
num_leaves=31
num_cat=2
split_feature=0 0 1 1 2 6 5 5 5 5 5 5 6 5 1 5 1 6 2 5 6 5 6 6 5 6 5 6 5 6
split_gain=108.105 52.7633 53.2096 5.19084 3.62921 2.56526 3.17982 3.41336 3.01427 2.26447 2.25235 3.01118 2.15225 2.02199 3.16264 2.09151 1.97629 3.36794 2.24607 5.38073 3.82851 3.88804 2.89307 2.60553 4.29726 5.20504 2.11617 2.74501 3.42226 3.01265
threshold=0 1 6.5000000000000009 9.5000000000000018 2.5000000000000004 470.50000000000006 158.50000000000003 121.50000000000001 16.500000000000004 34.500000000000007 36.500000000000007 102.50000000000001 479.50000000000006 37.500000000000007 2.5000000000000004 57.500000000000007 12.500000000000002 1051.5000000000002 2.5000000000000004 139.50000000000003 259.50000000000006 68.500000000000014 146.50000000000003 958.50000000000011 16.500000000000004 474.50000000000006 75.500000000000014 694.50000000000011 126.50000000000001 220.50000000000003
decision_type=1 1 2 2 2 2 2 2 2 2 2 2 2 2 2 2 2 2 2 2 2 2 2 2 2 2 2 2 2 2
left_child=3 2 13 4 9 -5 7 8 -7 12 -10 -12 -1 -2 -15 -16 18 26 19 20 22 23 -4 24 -22 -26 -18 28 29 -28
right_child=1 -3 16 5 -6 6 -8 -9 10 -11 11 -13 -14 14 15 -17 17 -19 -20 -21 21 -23 -24 -25 25 -27 27 -29 -30 -31
leaf_value=-0.0012376360477550311 0.0051049045594626936 -0.033369377706327752 -0.0090955725635516807 0.0129546351878917 0.00090365195800872454 0.034195960798743277 0.0052781161843958877 0.034707957498299483 0.0059835465896877138 0.016107955668808859 0.023879080815055163 0.0050273718957643118 0.01225674969891301 0.018436081004055898 0.019118593174094419 0.0037124525672065415 -0.020573833235199332 0.0043863355711511462 -0.01683827479736015 0.01505380178569486 -0.018174181217022661 -0.027602348488043806 0.01701218983394126 -0.02395398976365775 -0.014131232688697313 0.017199089346012442 -0.013810645245853051 -0.020231834723676161 -0.015370947719827444 0.0060605251735754463
leaf_weight=17.514838114380836 67.442239806056023 65.918794669210911 6.6372265070676786 72.921966910362244 33.017358854413033 10.191051900386809 11.338681951165198 17.851201921701431 15.9076731801033 60.009031042456627 33.821525990962982 10.568115666508673 25.439296364784241 39.001032575964928 9.1050027012824994 40.476343721151352 60.710635185241699 7.1850059181451789 26.10898394882679 8.2631932795047742 10.495720505714418 12.110954150557516 6.7465163469314575 6.3977773934602729 6.9256688505411175 11.154804244637488 9.7445803731679934 30.544206649065018 33.094779208302498 18.049938455224037
leaf_count=80 320 653 42 307 150 42 48 74 68 250 138 44 114 167 43 193 407 48 173 52 69 78 41 42 43 70 65 207 223 120
internal_value=0.000294729 -0.00866379 -0.00462208 0.0141003 0.0095971 0.0175723 0.0207883 0.0226977 0.0192132 0.0123493 0.0161643 0.0196006 0.00685135 0.00913249 0.0121077 0.00686364 -0.0130682 -0.0151496 -0.00944978 -0.00644191 -0.00957646 -0.013538 0.00433269 -0.0080358 -0.00378254 0.00508646 -0.0160948 -0.0129304 -0.00900004 -0.00114386
internal_weight=784.694 476.113 410.195 308.581 135.981 172.6 99.6783 88.3396 70.4884 102.963 60.2973 44.3896 42.9541 156.025 88.5824 49.5813 254.17 159.329 94.8408 68.7319 60.4687 47.0849 13.3837 34.974 28.5762 18.0805 152.144 91.4335 60.8893 27.7945
internal_count=4371 3056 2403 1315 594 721 414 366 292 444 250 182 194 723 403 236 1680 1070 610 437 385 302 83 224 182 113 1022 615 408 185
cat_boundaries=0 1 2
cat_threshold=2 1
is_linear=0
shrinkage=0.03


Tree=35
num_leaves=31
num_cat=5
split_feature=0 0 1 2 4 1 3 5 4 2 1 5 5 3 4 5 1 1 5 1 5 5 1 5 5 5 1 3 3 1
split_gain=87.0067 51.971 53.4081 7.38832 7.09522 8.44947 5.42677 5.26559 3.84326 3.63291 2.50042 2.7325 2.55708 2.48229 2.75866 6.21871 5.34846 6.01308 2.46326 3.27062 2.44355 7.93515 2.39263 4.2139 4.09558 6.3354 3.58882 2.44345 4.00529 3.87847
threshold=0 1 6.5000000000000009 2.5000000000000004 2 2.5000000000000004 822926.00000000012 99.500000000000014 3 1.5000000000000002 4.5000000000000009 89.500000000000014 86.500000000000014 4859171.5000000009 4 104.50000000000001 24.500000000000004 9.5000000000000018 35.500000000000007 4.5000000000000009 14.500000000000002 35.500000000000007 12.500000000000002 139.50000000000003 47.500000000000007 16.500000000000004 15.500000000000002 4231259.0000000009 1760464.0000000002 27.500000000000004
decision_type=1 1 2 2 1 2 2 2 1 2 2 2 2 2 1 2 2 2 2 2 2 2 2 2 2 2 2 2 2 2
left_child=-1 2 4 13 18 7 -7 -6 -5 22 11 -8 -12 14 -3 20 17 -17 19 -2 -16 -22 23 24 25 -4 -24 28 -28 -30
right_child=1 3 9 8 5 6 10 -9 -10 -11 12 -13 -14 -15 15 16 -18 -19 -20 -21 21 -23 26 -25 -26 -27 27 -29 29 -31
leaf_value=-0.033220065229487589 0.0080838034356980094 0.0050845013909504317 -0.01692822575863839 0.011108830098792167 0.037066956512312385 0.024615314198364994 0.017763506405344718 0.013661063756860355 -0.0016548808280663909 -0.01573064937027031 -0.016621704227079839 -0.00073888592271967432 0.0053033955015244754 0.00029398125027994295 0.035832492736789352 0.0025809932086114451 -0.0049981375151408264 0.022952109322986219 -0.011457796049043055 -0.010439837985490731 0.0043195592141491764 0.025754681264076724 -0.026488179343993296 0.01754309886247633 -0.019088947804005621 0.013137000845204881 -0.00044959350906451551 0.006937573183088722 -0.021756906959277726 0.003243033149937063
leaf_weight=63.134233504533768 33.313647240400314 51.352188721299171 9.6796653866767901 26.640889137983322 20.179060697555542 13.274114981293677 13.764460057020189 17.680298507213593 48.297968119382858 132.43418946862221 8.2525942772626895 13.841757029294966 9.1724992394447309 9.8068744540214521 13.372089609503744 20.972605988383293 13.90064227581024 34.741158291697502 11.699118405580519 10.500878244638441 20.491804406046867 69.899270638823509 11.507026031613348 6.7083943486213675 13.951418966054915 14.414414688944815 21.404307469725609 7.3818548321723929 27.489231407642365 6.6507345736026755
leaf_count=642 155 236 63 115 84 60 59 75 219 897 44 62 50 42 54 87 58 142 56 57 83 282 78 41 88 89 141 49 184 44
internal_value=0.000251276 0.0032584 -0.00383587 0.012486 0.0101839 0.0143989 0.00847846 0.0267693 0.00421412 -0.0122939 0.00329031 0.00878488 -0.00541897 0.0150999 0.0157419 0.017553 0.0113655 0.0154644 0.000177611 0.00351041 0.0232316 0.0209957 -0.00837614 -0.00280777 -0.00675354 0.0008652 -0.0116426 -0.00855595 -0.0107013 -0.016933
internal_weight=775.909 712.775 403.3 309.475 151.678 96.1648 58.3054 37.8594 74.9389 251.621 45.0313 27.6062 17.4251 234.537 224.73 173.378 69.6144 55.7138 55.5136 43.8145 103.763 90.3911 119.187 44.7539 38.0455 24.0941 74.4332 62.9261 55.5443 34.14
internal_count=4336 3694 2376 1318 702 434 275 159 334 1674 215 121 94 984 942 706 287 229 268 212 419 365 777 281 240 152 496 418 369 228
cat_boundaries=0 1 2 3 4 5
cat_threshold=4 1 2 12 2
is_linear=0
shrinkage=0.03


Tree=36
num_leaves=31
num_cat=4
split_feature=0 0 4 2 5 3 3 6 6 5 6 3 5 3 3 6 5 4 6 2 6 5 5 2 3 5 5 6 5 3
split_gain=82.7404 46.2616 6.68193 3.73942 4.97877 4.15621 3.68808 3.45855 3.00536 3.21278 3.1581 5.76666 4.58671 3.63029 2.8879 2.79757 4.33857 2.62299 2.46418 2.35088 2.28433 2.1704 5.12102 2.01666 1.96608 1.92747 2.26459 1.85622 1.91927 7.60713
threshold=0 1 2 2.5000000000000004 29.500000000000004 4629665.5000000009 137549.00000000003 492.50000000000006 316.50000000000006 8.5000000000000018 201.50000000000003 1241471.5000000002 103.50000000000001 2404769.5000000005 3891300.5000000005 80.500000000000014 158.50000000000003 3 795.50000000000011 2.5000000000000004 87.500000000000014 65.500000000000014 28.500000000000004 1.5000000000000002 3618779.5000000005 30.500000000000004 15.500000000000002 1064.5000000000002 57.500000000000007 3183781.5000000005
decision_type=1 1 1 2 2 2 2 2 2 2 2 2 2 2 2 2 2 1 2 2 2 2 2 2 2 2 2 2 2 2
left_child=-1 6 18 5 -5 15 -2 -6 10 -10 11 -8 21 23 24 -4 -17 20 19 25 -15 22 -12 -13 27 26 -3 28 29 -11
right_child=1 2 3 4 7 -7 8 -9 9 14 12 13 -14 17 -16 16 -18 -19 -20 -21 -22 -23 -24 -25 -26 -27 -28 -29 -30 -31
leaf_value=-0.033082713893687873 0.012732294718658579 0.0061868945198929682 0.0029393384210290338 0.025065907391842286 -0.0061443372270478377 0.00081899911133206731 -0.020474860202852243 0.010032749473549978 -0.016133399006149553 0.0044963276571641925 0.021691889928303759 0.020915586825535321 -0.0082015756656379137 0.017523817633388832 -0.010806787942322702 0.020678568170952989 0.0046936126009228208 -0.0092516488646957364 0.01028778383123654 -0.012707507820318452 -0.00318727061372019 0.026041454934042373 -0.0078515958384136053 0.001684830163240445 0.0067809784961611113 0.011934928200406489 -0.011145963906235453 -0.017922242491917702 -0.0059521784420290078 -0.022483994701075666
leaf_weight=61.728030242025852 10.827110931277273 12.758641242980959 11.032446682453154 10.64164751768112 20.155508369207382 14.114819854497908 13.951829612255095 26.350981861352921 24.626750186085701 61.145541101694107 9.7214139848947578 8.4503889381885546 12.197190031409262 7.5015661418437984 57.299514800310135 136.92589046061039 17.956297501921654 22.242864951491356 21.870368778705597 11.812137857079504 10.408486649394034 7.6424003988504401 9.6351713985204679 10.610085219144819 15.507196813821791 11.308782681822775 12.459595710039137 7.3533033132553092 104.27441449463367 10.082786515355108
leaf_count=645 60 58 47 44 89 59 84 113 145 349 53 48 76 42 356 553 74 132 102 59 57 42 56 60 89 51 59 44 633 61
internal_value=-5.25741e-05 0.00285804 0.0116073 0.0138008 0.007502 0.0165102 -0.00381973 0.00303998 -0.00430733 -0.00596404 -0.00015844 -0.00382725 0.00661475 0.000370152 -0.00492544 0.0178322 0.0188673 -0.00473681 0.00190227 -0.0016377 0.00389546 0.0133621 0.00732268 0.0108283 -0.00318086 0.00218529 -0.00247526 -0.00405796 -0.00337882 0.000418692
internal_weight=772.593 710.865 307.387 237.178 57.1481 180.029 403.478 46.5065 392.651 280.29 112.361 73.1652 39.1962 59.2134 255.663 165.915 154.882 40.1529 70.2095 48.3392 17.9101 26.999 19.3566 19.0605 198.363 36.527 25.2182 182.856 175.503 71.2283
internal_count=4340 3695 1308 979 246 733 2387 202 2327 1677 650 423 227 339 1532 674 627 231 329 227 99 151 109 108 1176 168 117 1087 1043 410
cat_boundaries=0 1 2 3 4
cat_threshold=4 1 2 6
is_linear=0
shrinkage=0.03


Tree=37
num_leaves=31
num_cat=3
split_feature=0 1 0 0 2 5 3 1 3 1 3 3 6 2 1 5 5 6 6 6 5 3 1 3 3 6 6 2 6 3
split_gain=85.0255 55.6968 31.2397 18.5395 6.38224 7.75033 4.75423 4.82851 4.59504 6.3893 3.8579 3.8304 3.59012 2.93104 2.44936 4.74789 8.59037 3.84572 2.35699 5.1152 7.01033 5.38278 2.23196 2.65987 1.95831 2.00562 1.94467 1.89592 2.65638 5.44867
threshold=0 5.5000000000000009 1 2 1.5000000000000002 35.500000000000007 1942967.5000000002 5.5000000000000009 1524620.0000000002 7.5000000000000009 4579562.0000000009 1906308.5000000002 342.50000000000006 3.5000000000000004 8.5000000000000018 56.500000000000007 102.50000000000001 75.500000000000014 512.50000000000011 743.50000000000011 39.500000000000007 2292833.5000000005 17.500000000000004 2167902.5000000005 4747053.5000000009 1002.0000000000001 347.50000000000006 3.5000000000000004 641.50000000000011 331706.00000000006
decision_type=1 2 1 1 2 2 2 2 2 2 2 2 2 2 2 2 2 2 2 2 2 2 2 2 2 2 2 2 2 2
left_child=4 2 10 8 5 6 7 -1 9 -3 13 -10 -8 -2 15 -13 -17 -16 26 20 -20 -22 23 -21 25 -19 -6 28 29 -11
right_child=1 3 -4 -5 18 -7 12 -9 11 27 -12 14 -14 -15 17 16 -18 24 19 22 21 -23 -24 -25 -26 -27 -28 -29 -30 -31
leaf_value=0.0010039862257066494 0.014773029322409429 0.0118247544210621 -0.031750872877159768 -0.032694345288332247 0.0088516000360914365 0.021757369968244834 -0.01464747514060045 0.029744572410830245 -0.027476431506151849 -0.026087666989071105 -0.0038030025046736343 -0.016455548569433709 0.006678179329684085 0.00088913405038838539 0.0029604829370773827 0.028473586064970132 -0.013115836872744825 -0.016272961900650695 -0.020752766816011493 -0.0040202549523172034 0.020962262974061879 -0.0075599119593162878 0.017533605510416269 0.012281196124254991 -0.029833544184779667 -0.0023327688855038393 0.02022473345780381 0.0035359939644948237 -0.018149231596224096 0.00071853979759198218
leaf_weight=9.1415874511003512 110.59950184822083 13.947248145937918 15.892256386578081 45.127947792410851 48.454197466373444 98.667939409613609 9.8913650363683718 11.627688586711882 18.725009873509407 7.9999802112579337 13.063424557447432 16.188697054982185 19.445031270384789 15.748879998922346 9.7657496035099012 7.1646254658699062 8.9715728759765607 101.9218253493309 12.879356592893599 15.012002289295195 10.443426474928858 11.619080007076262 22.865406900644302 20.163669273257256 9.0108591020107252 10.612258613109587 19.927022486925125 8.1262627243995649 28.659385159611702 28.021404698491096
leaf_count=41 494 72 162 492 213 403 45 48 126 53 63 100 85 71 66 42 55 703 58 65 43 50 95 88 62 73 85 55 195 188
internal_value=0.000247568 -0.00779829 0.00686948 -0.0150461 0.0124149 0.0169009 0.00709886 0.0177216 -0.0119766 -0.00619015 0.0114668 -0.0146806 -0.000758014 0.013063 -0.0130584 -0.00543614 0.00593426 -0.0148795 0.00820026 0.00500554 -0.00399406 0.00626476 0.0103994 0.00540537 -0.0163254 -0.0149905 0.0124096 -0.00975463 -0.0114528 -0.0057787
internal_weight=779.685 469.547 155.304 314.243 310.138 148.774 50.1057 20.7693 269.115 86.7543 139.412 182.361 29.3364 126.348 163.636 32.3249 16.1362 131.311 161.364 92.9829 34.9419 22.0625 58.0411 35.1757 121.545 112.534 68.3812 72.807 64.6808 36.0214
internal_count=4391 3072 790 2282 1319 622 219 89 1790 563 628 1227 130 565 1101 197 97 904 697 399 151 93 248 153 838 776 298 491 436 241
cat_boundaries=0 1 2 3
cat_threshold=2 1 1
is_linear=0
shrinkage=0.03


Tree=38
num_leaves=31
num_cat=3
split_feature=0 0 1 4 1 1 6 1 6 5 2 6 6 6 6 6 6 6 6 5 5 6 1 6 6 1 5 6 6 6
split_gain=78.9984 40.9045 46.0295 12.8188 5.74955 5.09792 4.86341 4.90907 4.24023 5.12739 4.00196 4.09526 3.77254 3.73339 2.87949 3.74091 2.77765 3.09559 2.77704 2.53922 4.52335 2.88471 3.85356 2.22253 3.44107 2.05884 2.00977 2.00083 3.00008 3.32617
threshold=0 1 6.5000000000000009 2 3.5000000000000004 5.5000000000000009 705.50000000000011 1.5000000000000002 205.50000000000003 58.500000000000007 2.5000000000000004 70.500000000000014 658.50000000000011 821.50000000000011 215.50000000000003 792.50000000000011 1016.5000000000001 928.50000000000011 220.50000000000003 116.50000000000001 147.50000000000003 386.50000000000006 12.500000000000002 462.50000000000006 215.50000000000003 17.500000000000004 99.500000000000014 954.50000000000011 762.50000000000011 654.50000000000011
decision_type=1 1 2 1 2 2 2 2 2 2 2 2 2 2 2 2 2 2 2 2 2 2 2 2 2 2 2 2 2 2
left_child=-1 2 3 6 8 23 7 -2 -5 -10 11 -7 19 25 -12 -16 17 -15 -6 21 -21 22 -13 24 -3 -14 -25 28 29 -4
right_child=1 5 27 4 18 10 -8 -9 9 -11 14 12 13 16 15 -17 -18 -19 -20 20 -22 -23 -24 26 -26 -27 -28 -29 -30 -31
leaf_value=-0.032841065201550591 -0.010351526803323232 0.0085649485785804554 -0.010247700184818454 0.0061472835377053342 -0.0066100354161755534 -0.0032671250954698756 -0.014616098944240973 0.011652972758144328 0.042991738566161099 0.019473437492144179 0.019121082176547077 0.0053598751511372928 -0.0055064556392083368 0.011745169773893272 -0.0045769653660808771 0.013373084619495091 0.0033073570519367456 0.031179635428095171 0.01190208689957691 -0.0016504620027518054 0.021581626534284314 0.030690177828214024 0.025468586190377847 0.0045631855614210902 -0.011113078826065862 0.011226364659647768 0.017874254910181145 -0.018206083672559204 -0.0031348119881274921 -0.022851365640729069
leaf_weight=58.97755429148674 13.722984731197355 14.255790188908579 146.71129810810089 11.434236317872999 8.4678452610969526 9.484050512313841 19.977087497711182 23.159473299980164 12.925322860479353 30.525911375880241 10.88472644984722 15.458269417285917 14.509972721338274 18.93399453163147 26.384183526039124 15.94020654261112 11.709339737892149 13.718400478363035 34.74692115187645 12.060543254017832 18.55683770775795 31.474906966090202 20.308423683047295 37.737162530422211 15.847625806927679 10.57409907877445 13.585093289613722 33.886989027261734 44.137692838907242 21.793670430779457
leaf_count=648 64 64 981 51 41 41 99 110 53 127 50 67 61 78 117 68 48 56 170 49 76 129 82 167 69 43 56 234 304 153
internal_value=0.000228069 0.00300597 -0.00332131 0.00945391 0.0151412 0.0111477 -0.00261539 0.00340855 0.0230655 0.0272791 0.0134282 0.0155996 0.0166822 0.0110668 0.00605904 0.00233601 0.0162048 0.0205942 0.00820722 0.0205149 0.0126675 0.0238501 0.0171598 0.00462112 -0.00181858 0.00170718 0.00836093 -0.0113571 -0.0101855 -0.012003
internal_weight=771.891 712.913 401.489 154.96 98.1002 311.424 56.8595 36.8825 54.8855 43.4512 229.998 176.789 167.305 69.4458 53.2091 42.3244 44.3617 32.6524 43.2148 97.859 30.6174 67.2416 35.7667 81.4257 30.1034 25.0841 51.3223 246.53 212.643 168.505
internal_count=4356 3708 2387 715 442 1321 273 174 231 180 965 730 689 286 235 185 182 134 211 403 125 278 149 356 133 104 223 1672 1438 1134
cat_boundaries=0 1 2 3
cat_threshold=4 1 2
is_linear=0
shrinkage=0.03


Tree=39
num_leaves=31
num_cat=3
split_feature=0 0 1 4 1 6 6 1 5 5 2 5 5 5 5 6 1 2 5 5 6 1 6 6 6 6 5 5 5 1
split_gain=77.9517 45.6602 48.3879 10.2101 6.28368 5.66781 5.12957 4.70942 6.37772 4.11944 3.28161 5.37023 3.35943 3.77113 3.26727 3.2501 3.00024 2.99453 3.1467 2.61812 2.46887 2.21755 4.24901 2.15957 5.06667 4.0487 1.96649 2.66725 1.93438 1.90615
threshold=0 1 5.5000000000000009 2 2.5000000000000004 59.500000000000007 210.50000000000003 7.5000000000000009 13.500000000000002 35.500000000000007 1.5000000000000002 157.50000000000003 57.500000000000007 114.50000000000001 129.50000000000003 306.50000000000006 23.500000000000004 3.5000000000000004 31.500000000000004 95.500000000000014 440.50000000000006 7.5000000000000009 291.50000000000006 681.50000000000011 848.50000000000011 354.50000000000006 3.5000000000000004 42.500000000000007 8.5000000000000018 13.500000000000002
decision_type=1 1 2 1 2 2 2 2 2 2 2 2 2 2 2 2 2 2 2 2 2 2 2 2 2 2 2 2 2 2
left_child=-1 2 3 6 15 -3 -2 17 -9 -10 11 29 -12 -14 20 -5 -15 18 28 -17 -6 22 -4 25 -25 -20 -23 -28 -7 -11
right_child=1 5 21 4 14 7 -8 8 9 10 12 -13 13 16 -16 19 -18 -19 23 -21 -22 26 -24 24 -26 -27 27 -29 -30 -31
leaf_value=-0.0327275499056323 0.014761111398764896 -0.0055087468277763216 0.010308981608543395 0.013312476699829752 0.0048580345393977684 0.013047972690645835 -0.0064714993989046102 0.030532950489294306 0.0035284427650840193 0.032717608409640379 0.024477968108125282 0.001667993609974815 -0.0012499249721626034 0.0195937482715604 -0.002237623955662015 0.043263379950941892 0.00038046841845101111 -0.0073214184476463285 0.0054906348351794927 0.021061419951049775 0.022432553049436331 0.0033004267806512541 -0.011161684864270679 -0.0082896067406096428 0.017937719780123901 0.027191178510057198 -0.017860036191380567 -0.01052201015647897 -0.0023417923932334546 0.019273345040678333
leaf_weight=58.822848483920097 12.67555011808872 16.296100631356239 11.472979098558424 13.126461401581762 12.898469954729082 9.025445878505705 39.81429859995842 21.103576272726059 33.584167629480362 17.271098926663399 12.116034731268881 12.011055022478102 25.694214656949043 23.483836248517036 13.269247740507124 12.590106517076494 10.488301381468771 10.821432828903196 13.987429171800612 13.132470995187758 17.492972210049629 6.6425787657499304 24.093847379088402 11.317468002438547 13.606734171509741 18.225160732865334 67.62840823829174 154.58162003755569 26.735992521047592 39.467511773109436
leaf_count=664 60 73 59 57 58 40 189 88 144 70 50 49 107 98 61 51 46 49 59 54 77 44 139 48 57 76 473 1072 122 159
internal_value=0.000170537 0.00292031 -0.00381397 0.0107488 0.0162988 0.0114381 -0.000980683 0.0123772 0.0151266 0.0130956 0.0153409 0.0200637 0.0106041 0.00742974 0.0100857 0.0269432 0.0138425 0.00710717 0.00884798 0.0331407 0.0153661 -0.0112615 -0.00414326 0.0131578 0.00616816 0.0182173 -0.0123449 -0.0128253 0.00179155 0.0238615
internal_weight=773.477 714.655 399.419 135 82.5097 315.236 52.4898 298.939 195.22 174.116 140.532 68.7497 71.7824 59.6664 43.6607 38.849 33.9721 103.72 92.8982 25.7226 30.3914 264.419 35.5668 57.1368 24.9242 32.2126 228.853 222.21 35.7614 56.7386
internal_count=4393 3729 2394 607 358 1335 249 1262 811 723 579 278 301 251 196 162 144 451 402 105 135 1787 198 240 105 135 1589 1545 162 229
cat_boundaries=0 1 2 3
cat_threshold=4 1 2
is_linear=0
shrinkage=0.03


Tree=40
num_leaves=31
num_cat=1
split_feature=1 4 5 6 5 2 6 1 6 5 6 1 1 6 6 6 3 3 6 3 3 3 1 1 3 3 5 5 5 3
split_gain=16.3279 8.37969 6.24506 7.567 5.67025 5.49182 5.47321 4.78434 4.6777 6.05022 3.59435 3.25573 3.2366 3.13273 3.12343 5.15363 3.45894 7.23784 3.06706 2.86857 4.21038 3.05297 5.32694 2.85505 2.78565 2.63331 5.39298 2.97912 4.89073 2.50612
threshold=4.5000000000000009 0 57.500000000000007 568.50000000000011 3.5000000000000004 2.5000000000000004 155.50000000000003 1.5000000000000002 705.50000000000011 18.500000000000004 598.50000000000011 8.5000000000000018 10.500000000000002 392.50000000000006 743.50000000000011 773.50000000000011 3292838.5000000005 4697569.5000000009 1002.0000000000001 3258699.5000000005 2167902.5000000005 1545146.0000000002 1.5000000000000002 27.500000000000004 4460811.5000000009 4047336.5000000005 151.50000000000003 128.50000000000003 27.500000000000004 1226936.5000000002
decision_type=2 1 2 2 2 2 2 2 2 2 2 2 2 2 2 2 2 2 2 2 2 2 2 2 2 2 2 2 2 2
left_child=1 19 6 7 -2 8 -3 -4 9 11 -8 -6 -11 -13 -10 -16 -17 18 -18 20 21 22 -1 -14 -21 26 -7 28 -27 -5
right_child=4 2 3 29 5 25 10 -9 14 12 -12 13 23 -15 15 16 17 -19 -20 24 -22 -23 -24 -25 -26 27 -28 -29 -30 -31
leaf_value=-0.01375994712895112 0.013221816774365234 -0.0018799818809505623 0.012336320269225287 0.030558138261492687 -0.022775523034974404 -0.0032467189434458987 0.0387369593558844 -0.0096201333335943547 -0.01832562321989421 0.0077650757196171104 0.016964700222774937 0.0068385323923838542 -0.0014423226386808372 -0.015034842785488386 0.013676701840970439 -0.009751980874301288 0.00080502968910112791 -0.023822396672015269 0.019543038727349551 -0.01567046265724201 0.015053980891524545 -0.017211689383418192 0.014023050842440049 0.0094860830860748011 0.0049467048559908057 -0.0015501782115447109 -0.020785296650102592 0.00084220997134350998 -0.032445880448585283 0.012198299765127847
leaf_weight=9.6150643602013606 18.934623219072819 6.5155630037188521 12.981989294290541 8.9455709233880025 11.736268050968645 99.358002372086048 14.783261090517046 23.776086136698723 14.57265844196081 76.669990554451942 17.06151682138443 11.722858533263208 134.63097897171974 10.062024854123591 12.38724861294031 77.427534908056259 26.593016691505909 7.8010601997375479 10.216679260134695 17.036518633365635 16.55894311517477 8.7972779124975187 14.020099505782126 24.572458252310753 8.1800425201654416 7.0703332275152269 17.89068803191185 6.6577352359890929 12.845837958157061 30.073965676128864
leaf_count=48 107 31 61 38 71 609 65 116 91 411 76 66 813 63 72 480 159 45 59 89 82 44 75 141 43 46 123 45 85 138
internal_value=-2.73288e-05 0.0076253 0.0121528 0.00803756 -0.00251632 -0.00306889 0.022959 -0.00174434 -0.00132254 0.00103806 0.0279437 -0.0107003 0.00274439 -0.00348082 -0.00556907 -0.00406106 -0.00595802 0.000696302 0.00638517 -0.000903207 0.00320594 -0.00311263 0.00262084 0.00029312 -0.00904885 -0.00810498 -0.00607603 -0.016512 -0.0220763 0.0170659
internal_weight=769.496 188.346 114.138 75.7776 581.15 562.215 38.3603 36.7581 418.393 269.395 31.8448 33.5212 235.873 21.7849 148.998 134.426 122.038 44.6108 36.8097 74.2079 48.9914 32.4324 23.6352 159.203 25.2166 143.823 117.249 26.5739 19.9162 39.0195
internal_count=4392 906 525 353 3486 3379 172 177 2471 1565 141 200 1365 129 906 815 743 263 218 381 249 167 123 954 132 908 732 176 131 176
cat_boundaries=0 1
cat_threshold=2
is_linear=0
shrinkage=0.03


Tree=41
num_leaves=31
num_cat=2
split_feature=0 0 2 3 3 3 6 6 6 3 5 3 2 3 5 6 5 5 5 5 5 3 3 2 6 6 6 6 3 6
split_gain=93.688 44.0457 3.80207 3.16591 3.25654 3.60529 3.40659 5.42208 2.91775 5.11148 3.93263 2.87934 2.71313 3.00614 2.48305 2.34208 2.20808 4.40552 3.60281 3.00275 2.69402 3.12424 2.30497 2.08501 3.33817 4.11227 2.55559 2.01255 3.81942 4.48605
threshold=0 1 2.5000000000000004 1524620.0000000002 960669.00000000012 650945.50000000012 857.50000000000011 622.50000000000011 766.50000000000011 1545146.0000000002 24.500000000000004 2535880.0000000005 3.5000000000000004 1676389.5000000002 85.500000000000014 178.50000000000003 104.50000000000001 46.500000000000007 170.50000000000003 14.500000000000002 21.500000000000004 1715993.0000000002 871020.00000000012 1.5000000000000002 535.50000000000011 827.50000000000011 411.50000000000006 283.50000000000006 2439313.5000000005 205.50000000000003
decision_type=1 1 2 2 2 2 2 2 2 2 2 2 2 2 2 2 2 2 2 2 2 2 2 2 2 2 2 2 2 2
left_child=2 3 16 4 5 23 7 15 9 -4 -11 -10 13 -5 -12 -6 17 19 -18 -1 -21 22 -22 26 -25 -26 -2 28 -15 -30
right_child=1 -3 8 12 6 -7 -8 -9 11 10 14 -13 -14 27 -16 -17 18 -19 -20 20 21 -23 -24 24 25 -27 -28 -29 29 -31
leaf_value=0.022113813777952084 0.018034752153966823 -0.032587857632481378 0.017675201097938104 -0.020389764205966155 -0.0051570871336940891 -0.013730088963690644 0.020894807052811153 -0.014943680754021752 0.0056545886243409673 0.013994887366610633 -0.016554370678769321 0.026485791182573527 -0.01400805680566938 0.01295418853434285 0.0009241052551716536 0.014296953569923561 0.0079291947701238784 0.024501054599450657 0.025913340172554197 -0.00066067828060979489 0.01425227962956584 0.018611578622817138 -0.004780374468842454 -0.016080594754981803 0.01964055813762491 -0.0098883183230868837 -0.00098827039108258848 -0.0058371885626159132 -0.0089913702901022081 0.011583876165376166
leaf_weight=27.352489769458771 9.2890055477619189 55.326628960669041 15.158785551786421 9.8274627327918989 7.1030230075120953 22.932208359241486 9.6156762540340406 11.33962047100067 12.844636633992197 8.8128952980041486 13.876873791217806 11.423740863800047 32.888909816741943 15.362491369247435 14.194730699062346 19.132580414414406 61.868183255195618 56.129656091332436 11.458572044968603 15.892328500747679 9.4547945559024829 35.353620022535324 11.863553613424299 12.705159246921541 7.0006243139505377 8.1257541179656965 16.37396377325058 171.00079271197319 36.251644641160965 11.878881886601446
leaf_count=116 52 642 66 59 42 143 55 70 55 41 63 49 204 88 64 108 253 227 47 70 40 152 51 74 40 50 96 1046 212 69
internal_value=0.000865152 -0.00774153 0.0136917 -0.00423941 -0.000242589 -0.00405145 0.00588202 0.0015981 0.00773548 0.00359526 -0.00250512 0.0161205 -0.00601445 -0.00488569 -0.00798841 0.009034 0.0156312 0.0176997 0.0110504 0.013674 0.0102353 0.0132492 0.00392108 0.000273436 -0.00532364 0.00414838 0.00631548 -0.0041521 0.000406352 -0.00378087
internal_weight=761.839 456.154 305.685 400.828 123.618 76.4267 47.1909 37.5752 76.3117 52.0433 36.8845 24.2684 277.21 244.321 28.0716 26.2356 229.373 156.046 73.3268 99.9168 72.5643 56.672 21.3183 53.4945 27.8315 15.1264 25.663 234.494 63.493 48.1305
internal_count=4344 3050 1294 2408 730 455 275 220 338 234 168 104 1678 1474 127 150 956 656 300 429 313 243 91 312 164 90 148 1415 369 281
cat_boundaries=0 1 2
cat_threshold=2 1
is_linear=0
shrinkage=0.03


Tree=42
num_leaves=31
num_cat=4
split_feature=0 0 1 4 4 1 6 3 6 2 1 3 6 3 3 3 6 1 6 3 6 6 1 6 3 3 2 3 6 3
split_gain=71.5625 36.8042 43.5109 12.8174 6.84169 6.47049 5.44036 4.07176 3.85885 5.62268 4.32364 3.51323 3.39864 3.53886 3.32244 3.99451 3.16011 2.99137 2.79444 2.29878 2.23932 2.1369 2.05856 4.89422 2.27257 2.02979 3.19664 1.99894 1.84772 1.51464
threshold=0 1 6.5000000000000009 2 3 2.5000000000000004 891.50000000000011 1973674.5000000002 795.50000000000011 2.5000000000000004 20.500000000000004 3202125.5000000005 342.50000000000006 3525787.0000000005 1241471.5000000002 3639158.5000000005 474.50000000000006 8.5000000000000018 210.50000000000003 2602631.5000000005 80.500000000000014 286.50000000000006 5.5000000000000009 462.50000000000006 4562861.5000000009 4520715.5000000009 1.5000000000000002 1423834.0000000002 362.50000000000006 2898611.5000000005
decision_type=1 1 2 1 1 2 2 2 2 2 2 2 2 2 2 2 2 2 2 2 2 2 2 2 2 2 2 2 2 2
left_child=-1 2 3 18 14 28 8 -7 9 20 21 -9 13 17 -3 19 -13 -4 -2 -16 -6 -11 23 -22 -24 26 -15 -20 -5 -29
right_child=1 4 12 5 6 7 -8 11 -10 10 -12 16 -14 25 15 -17 -18 -19 27 -21 22 -23 24 -25 -26 -27 -28 29 -30 -31
leaf_value=-0.032486554733781377 0.0084322563668071428 0.012126280615857915 0.0052571301347649887 0.013569746836486797 0.002482815069747458 0.018924594433888154 0.022862626729249484 -0.0084227263691965693 -0.0013165846049248207 -0.0024952446236828603 -0.011040767124017411 -0.00071609829006348026 -0.013555947554504465 0.021834632092960118 -0.0025269326708598672 0.0076222832727596904 0.023479125603412247 -0.013033804646137749 0.0037509456802893612 -0.018837521533363558 -0.0063119872170918044 0.014691045601351789 0.01995951526034713 0.02041578790369282 0.004941919028076832 -0.0085338596516668086 -0.0047996910230691846 -0.018229744338430918 0.030126449306010994 -0.0048660532638317806
leaf_weight=54.989951908588409 13.215185239911078 17.098263621330261 9.2068600654602033 10.937984734773634 11.567485287785528 23.992344841361046 42.83020181953907 13.782361149787901 20.40693886578083 9.2627190351486224 13.147308081388472 9.9218743145465869 167.50710766017437 8.203827843070032 19.501436084508899 19.645415723323822 8.413165017962454 44.359596483409405 11.268660455942152 12.357370033860205 10.990229755640032 19.037044525146484 89.575328066945076 12.057894721627234 10.94567336142063 6.7245366722345343 6.7127802968025199 12.879999086260794 28.044371515512466 19.303569912910461
leaf_count=655 63 78 52 47 49 109 173 65 84 40 59 48 1172 51 91 89 41 310 53 61 45 81 362 49 45 46 45 63 114 96
internal_value=0.00015658 0.00275288 -0.00331523 0.00924794 0.0104996 0.0150685 0.0126602 0.00983464 0.0109771 0.0123972 0.00265177 0.00267787 -0.0111762 -0.00576749 0.000922136 -0.00278188 0.0110262 -0.00985128 -0.00274788 -0.00923422 0.0153447 0.00917267 0.0165192 0.00793846 0.018389 0.00432942 0.0103001 -0.00687948 0.0259364 -0.0106024
internal_weight=757.887 702.898 394.474 151.76 308.423 95.0921 239.821 56.1097 196.991 176.584 41.4471 32.1174 242.715 75.2076 68.6025 51.5042 18.335 53.5665 56.6674 31.8588 135.137 28.2998 123.569 23.0481 100.521 21.6411 14.9166 43.4522 38.9824 32.1836
internal_count=4336 3681 2375 699 1306 424 987 263 814 730 180 154 1676 504 319 241 89 362 275 152 550 121 501 94 407 142 96 212 161 159
cat_boundaries=0 1 2 3 4
cat_threshold=4 1 2 2
is_linear=0
shrinkage=0.03


Tree=43
num_leaves=31
num_cat=3
split_feature=0 0 4 3 3 3 3 3 5 3 6 5 5 3 6 6 6 3 6 3 5 3 6 2 6 5 3 5 3 3
split_gain=78.095 39.9276 7.25229 8.52857 5.3301 9.3907 3.98402 4.8845 3.34679 8.48134 3.1552 3.12485 3.40216 2.55714 2.38738 2.76479 2.31422 2.49574 2.25307 2.97578 2.96671 2.54661 2.1026 2.06038 3.38756 5.47792 1.757 2.89309 1.73137 1.48882
threshold=0 1 2 4199363.5000000009 1631532.0000000002 3618779.5000000005 650945.50000000012 849765.00000000012 34.500000000000007 938121.00000000012 875.50000000000011 97.500000000000014 121.50000000000001 3120601.0000000005 580.50000000000011 746.50000000000011 253.50000000000003 4047336.5000000005 993.50000000000011 3618779.5000000005 3.5000000000000004 2292833.5000000005 326.50000000000006 2.5000000000000004 886.50000000000011 68.500000000000014 2515635.5000000005 38.500000000000007 2081608.0000000002 4579562.0000000009
decision_type=1 1 1 2 2 2 2 2 2 2 2 2 2 2 2 2 2 2 2 2 2 2 2 2 2 2 2 2 2 2
left_child=2 6 3 11 8 13 23 -8 9 -4 16 14 -13 26 -1 -16 -7 -18 20 21 -9 -20 -14 24 25 -2 27 -6 -17 -22
right_child=1 -3 4 -5 5 10 7 18 -10 -11 -12 12 22 -15 15 28 17 -19 19 -21 29 -23 -24 -25 -26 -27 -28 -29 -30 -31
leaf_value=0.030502534423062354 0.024113721106866121 -0.032363692924165716 -0.011197222622620625 0.0013180684115480018 0.0023064767238821886 0.019556232140529536 -0.02206031053864271 0.0090219969675958689 0.020986862573037876 0.021865286551366679 0.026489518490947678 0.0032456101834354308 0.0083455307856936667 -0.016661807440304089 0.0054973637085968261 0.013530270363661343 0.013690533699142316 -0.0044756380349527721 0.0054614397098156379 0.014542104089414616 -0.0056941359083285004 -0.014864857403191014 0.023544879817132495 -0.0061901991408065222 -0.0079552704814925095 -0.0014727499629071555 0.0048374254598677431 -0.017923148069182358 0.032511168351364583 -0.013054153744671866
leaf_weight=35.522526040673256 14.34230872988701 52.162920542061329 12.905490159988405 25.605420187115669 12.903475493192675 9.260235518217085 15.042551621794699 10.770997136831282 26.466286063194275 13.14175672829151 9.5198929756879789 16.972817480564117 13.154761657118796 14.560965478420256 11.534009918570517 10.619514167308809 10.157683834433557 16.59041939675808 10.981450498104101 10.858355365693567 256.83318237960339 9.4730551987886411 30.43230165541172 15.359320297837256 10.071361467242239 14.57773035764694 17.217087030410767 11.178747147321699 10.887201473116873 27.298687219619751
leaf_count=145 84 637 57 107 59 41 94 61 110 58 40 70 56 65 47 43 43 72 63 68 1563 58 125 90 58 86 76 47 44 171
internal_value=5.04449e-05 -0.00794598 0.0116401 0.0161603 0.00561499 0.00191409 -0.0046529 -0.00585247 0.0136403 0.00567565 0.0118927 0.0203127 0.0148885 -0.00628494 0.0248208 0.0179957 0.00742205 0.0026678 -0.00503996 0.00254391 -0.00585109 -0.00420632 0.0192477 0.00284865 0.00647495 0.0115982 -0.00231894 -0.00742412 0.0241564 -0.00644457
internal_weight=756.403 447.772 308.631 154.729 153.902 101.389 395.609 341.258 52.5135 26.0472 45.5282 129.123 60.5599 55.8603 68.5633 33.0407 36.0083 26.7481 326.216 31.3129 294.903 20.4545 43.5871 54.3507 38.9914 28.92 41.2993 24.0822 21.5067 284.132
internal_count=4338 3033 1305 637 668 443 2396 2078 225 115 196 530 251 247 279 134 156 115 1984 189 1795 121 181 318 228 170 182 106 87 1734
cat_boundaries=0 1 2 3
cat_threshold=2 1 28
is_linear=0
shrinkage=0.03


Tree=44
num_leaves=31
num_cat=1
split_feature=1 4 5 6 6 2 6 3 5 3 3 5 6 5 5 1 5 6 3 3 5 5 1 1 3 3 3 1 5 1
split_gain=18.1714 9.85002 8.82467 9.42406 6.13707 5.42433 5.60259 4.4802 3.92643 3.17565 6.6734 5.07604 3.03168 2.94793 6.3766 5.25713 5.66136 4.56292 3.75172 3.72691 3.56405 3.48524 7.39193 2.92126 2.84987 2.83837 6.62309 2.60734 2.45027 2.4381
threshold=4.5000000000000009 0 57.500000000000007 146.50000000000003 577.50000000000011 2.5000000000000004 215.50000000000003 730739.00000000012 120.50000000000001 871020.00000000012 1388711.5000000002 31.500000000000004 283.50000000000006 152.50000000000003 143.50000000000003 7.5000000000000009 159.50000000000003 44.500000000000007 1423834.0000000002 4162395.5000000005 3.5000000000000004 18.500000000000004 13.500000000000002 13.500000000000002 1226936.5000000002 1089335.0000000002 849765.00000000012 2.5000000000000004 94.500000000000014 22.500000000000004
decision_type=2 1 2 2 2 2 2 2 2 2 2 2 2 2 2 2 2 2 2 2 2 2 2 2 2 2 2 2 2 2
left_child=1 9 3 -3 7 13 8 -4 -7 -1 -11 27 -8 14 17 -15 18 -2 -17 -18 -19 22 -22 -16 -5 26 28 -12 -14 -24
right_child=5 2 4 24 -6 6 12 -9 -10 10 11 -13 25 15 23 16 19 20 -20 -21 21 -23 29 -25 -26 -27 -28 -29 -30 -31
leaf_value=-0.014825039319674098 -0.016921408872463652 -0.0076401599332994981 0.01995542224714307 0.0126798034979329 0.016721216859210904 0.011118621635958323 -0.027789922099528797 -0.0050394399343492158 -0.01223323585906304 0.025280162128808962 0.0097509893907684678 -0.015523959133748842 0.0010547335202682876 0.026750141584264284 -0.0030703451461626392 -0.0037418531909519156 -0.010140062547243702 0.015860200894041675 0.024775106117455693 0.013111168744114516 -0.016532737251452764 0.00083044756034969091 0.016335055246280126 -0.027857778754218805 0.036542735951196552 -0.011395028735612031 0.023322610281380177 -0.0063783283547123254 -0.021346968949419339 -0.0045533476654536628
leaf_weight=11.525222368538378 13.837695077061651 6.0233939290046683 7.0338756665587416 7.1170980855822554 37.936515271663666 20.87872847169638 7.5011949390172949 31.823727250099182 8.2741154506802541 8.2395966127514821 23.720739737153053 16.709514670073986 8.8542453125119263 7.984762266278266 7.1903900802135494 5.890877433121207 27.478496015071869 11.407071813941 11.388091340661047 7.0115961432456961 30.988063424825668 268.38591030985117 10.035516753792765 10.665811970829962 26.093085050582886 82.748561806976795 6.8358587101101866 13.345871329307554 7.552708499133586 8.6019183769822103
leaf_count=63 83 29 33 32 169 128 50 151 57 42 125 84 54 42 41 36 173 64 65 43 195 1592 61 70 116 536 42 69 50 54
internal_value=0.000427471 0.00843691 0.0132671 0.0258321 0.00830361 -0.00227712 -0.00731095 -0.0001278 0.00430503 -0.000916493 0.00171712 -0.00228882 -0.0103063 -0.000557709 -0.00158244 0.0055592 0.00184576 -0.000647455 0.0153801 -0.005177 8.52984e-05 -0.00052849 -0.00774917 -0.0185685 0.0319489 -0.00882076 0.000436083 0.00392861 -0.0098915 0.0069533
internal_weight=753.08 189.569 116.028 39.2336 76.7941 563.512 142.645 38.8576 29.1528 73.5409 62.0157 53.7761 113.493 420.866 361.112 59.7538 51.7691 343.256 17.279 34.4901 329.418 318.011 49.6255 17.8562 33.2102 105.991 23.2428 37.0666 16.407 18.6374
internal_count=4349 913 530 177 353 3436 917 184 185 383 320 278 732 2519 2160 359 317 2049 101 216 1966 1902 310 111 148 682 146 194 104 115
cat_boundaries=0 1
cat_threshold=2
is_linear=0
shrinkage=0.03


Tree=45
num_leaves=31
num_cat=2
split_feature=0 0 1 6 1 5 5 2 1 5 3 5 3 3 5 2 3 3 3 6 3 6 3 3 3 3 5 5 5 3
split_gain=72.379 39.8438 30.6316 5.08964 4.80723 8.66293 4.43377 4.64015 4.14654 5.22401 4.06046 3.55656 3.3305 2.8471 4.01441 2.79292 2.88114 4.8965 4.01774 3.07188 2.87102 2.70034 2.48542 2.38461 2.3689 2.5282 3.07971 2.34761 2.32999 2.20649
threshold=0 1 6.5000000000000009 70.500000000000014 9.5000000000000018 16.500000000000004 166.50000000000003 1.5000000000000002 2.5000000000000004 44.500000000000007 1296706.5000000002 47.500000000000007 584711.00000000012 4030997.5000000005 37.500000000000007 3.5000000000000004 3618779.5000000005 2978073.0000000005 2142715.5000000005 407.50000000000006 1545146.0000000002 705.50000000000011 4122123.5000000005 2821585.0000000005 2898611.5000000005 1995103.0000000002 103.50000000000001 31.500000000000004 63.500000000000007 2439313.5000000005
decision_type=1 1 2 2 2 2 2 2 2 2 2 2 2 2 2 2 2 2 2 2 2 2 2 2 2 2 2 2 2 2
left_child=3 2 8 28 12 -6 7 11 9 10 -2 -7 -5 14 -9 16 17 18 19 -14 -21 29 -18 -23 25 26 -16 -12 -1 -10
right_child=1 -3 -4 4 5 6 -8 13 21 -11 27 -13 15 -15 24 -17 22 -19 -20 20 -22 23 -24 -25 -26 -27 -28 -29 -30 -31
leaf_value=-0.014196183354731568 -0.013570757256368644 -0.032265612250222966 -0.011177736525940197 0.022539357526241949 0.034399118523690479 0.0075708875741157993 -0.0042886023344280433 -0.002270870382763128 0.010774014479637623 0.019666039100335483 0.015148747474870609 0.024741011857462324 -0.0097239844840199974 -0.0041503992732132271 0.0040283469706109756 -0.0065226747565345425 0.024693914802636514 -0.01068400524761054 0.019924128279773429 0.015216408841032064 -0.0045640850167323853 -0.014300444281550917 0.0077228182697507974 0.0032477596660488253 0.026239614639239874 -0.0021376335667052421 0.026687980203342284 -0.0022317956705919218 0.0061755596763643367 -0.00071728391339081056
leaf_weight=9.0837397277355212 8.7704091966152173 51.976334951817989 244.04393580555916 11.257279261946676 18.482648283243179 15.760049208998678 12.124461352825163 13.999560058116911 28.334246218204498 32.993843212723732 17.865813925862316 44.571115359663963 11.623182132840155 11.927193522453306 10.599544376134878 13.495113804936407 12.865948379039763 14.973958194255827 16.894038751721382 17.165548190474514 9.7844006121158582 14.43285419046879 20.940025493502617 12.149154260754583 13.496607989072798 9.3303464800119382 10.961384028196333 10.749389827251433 9.2847734242677671 30.61897574365139
leaf_count=42 40 653 1710 48 76 65 51 61 133 137 81 180 50 51 43 61 54 66 73 73 42 71 90 62 56 40 45 49 40 148
internal_value=-0.000168644 -0.00781011 -0.00455946 0.0110104 0.0119782 0.0154377 0.0127608 0.0143636 0.00580494 0.0111447 0.00330799 0.0204523 0.00756827 0.0089258 0.0116219 0.00595912 0.00762155 0.00406353 0.00816349 0.00263931 0.00812858 0.00133329 0.0147056 -0.00645317 0.015957 0.0107826 0.0162206 0.0087648 -0.00411164 0.00489328
internal_weight=760.556 451.935 399.959 308.621 290.252 161.253 142.77 130.646 155.915 70.3795 37.3856 60.3312 128.999 70.3146 58.3874 117.742 104.247 70.4411 55.4672 38.5731 26.9499 85.5352 33.806 26.582 44.3879 30.8913 21.5609 28.6152 18.3685 58.9532
internal_count=4391 3084 2431 1307 1225 668 592 541 721 307 170 245 557 296 245 509 448 304 238 165 115 414 144 133 184 128 88 130 82 281
cat_boundaries=0 1 2
cat_threshold=2 1
is_linear=0
shrinkage=0.03


Tree=46
num_leaves=31
num_cat=3
split_feature=0 1 0 0 2 1 3 6 3 6 1 3 6 3 5 1 5 5 5 5 1 1 3 5 5 3 1 6 3 3
split_gain=62.253 38.0198 25.9377 11.0177 5.2873 5.17984 4.84963 3.87624 7.25743 3.02477 3.14208 3.4104 2.86623 5.92163 3.41584 2.69987 2.53643 3.60499 2.51526 2.45405 3.26215 3.37602 2.5603 5.38498 2.87523 2.85833 2.61622 3.99021 2.65518 2.33666
threshold=0 7.5000000000000009 1 2 2.5000000000000004 4.5000000000000009 4579562.0000000009 296.50000000000006 3058103.0000000005 44.500000000000007 5.5000000000000009 4500986.0000000009 694.50000000000011 1226936.5000000002 73.500000000000014 18.500000000000004 14.500000000000002 21.500000000000004 29.500000000000004 42.500000000000007 23.500000000000004 26.500000000000004 3525787.0000000005 124.50000000000001 106.50000000000001 4421952.0000000009 12.500000000000002 681.50000000000011 2081608.0000000002 2583262.5000000005
decision_type=1 2 1 1 2 2 2 2 2 2 2 2 2 2 2 2 2 2 2 2 2 2 2 2 2 2 2 2 2 2
left_child=4 2 5 19 9 6 -2 8 -7 -1 -11 16 13 -6 18 -14 -12 -18 -15 20 -3 -22 26 24 25 -24 27 28 -21 -28
right_child=1 3 -4 -5 12 7 -8 -9 -10 10 11 -13 15 14 -16 -17 17 -19 -20 22 21 -23 23 -25 -26 -27 29 -29 -30 -31
leaf_value=-0.0039399441014768442 0.011493461409358096 -0.020532560230773645 -0.031175271226083861 -0.031693217337416188 0.014790846451984781 0.02587377564485098 -0.0097928959303579307 -0.0060416029610948808 -0.011161770070476893 0.0067886990568881075 0.027642270119615342 0.0026408423657317904 0.0033747126334821406 -0.0044393669518814106 0.0019687061768759646 0.022384828208742005 -0.0014264010768886334 0.01636330506680932 -0.026418183134491492 -0.022050538479258263 0.010158772620931712 -0.016501024590470804 0.0035389746955983613 0.0077239757929248908 -0.02784312035592322 -0.019815455613232991 -0.012174146473154682 0.01045021530573805 0.0022521887179037911 -0.024383061289465255
leaf_weight=9.6709634661674482 106.81181716918945 57.438260830938816 17.704573847353458 31.227916747331619 13.867016062140463 10.121092617511751 9.8231698423624021 42.626770332455635 7.5548655688762656 59.986869722604752 16.730038836598396 18.417062342166901 18.627353087067608 9.4595658183097857 17.431413024663925 9.9287012666463834 11.037608578801153 119.52183432877064 9.3394422233104688 9.9085059911012703 6.8997159302234641 8.452959328889845 11.15185365080834 18.857420191168785 7.2084961384534827 6.8737603351473799 58.43448019772768 9.4493476673960668 6.1594559624791136 20.373574286699295
leaf_count=42 466 415 220 412 60 49 46 244 40 258 70 77 81 44 78 42 48 487 43 69 49 60 77 131 53 51 423 68 43 149
internal_value=-0.0003289 -0.00751308 0.00244682 -0.0151721 0.00989084 0.00596738 0.00963269 -0.00116338 0.0102944 0.0121352 0.0128383 0.0149745 0.00310686 -0.00124079 -0.00760929 0.0105181 0.0164884 0.0148599 -0.0161414 -0.0127077 -0.0172869 -0.00463117 -0.0103611 -0.00417349 -0.01302 -0.00594026 -0.0129117 -0.00434494 -0.0131483 -0.0155964
internal_weight=761.096 447.078 194.642 252.436 314.018 176.938 116.635 60.3027 17.676 235.364 225.693 165.707 78.6535 50.0974 36.2304 28.5561 147.289 130.559 18.799 221.208 72.7909 15.3527 148.417 44.0915 25.2341 18.0256 104.325 25.5173 16.068 78.8081
internal_count=4395 3065 1065 2000 1330 845 512 333 89 982 940 682 348 225 165 123 605 535 87 1588 524 109 1064 312 181 128 752 180 112 572
cat_boundaries=0 1 2 3
cat_threshold=2 1 1
is_linear=0
shrinkage=0.03


Tree=47
num_leaves=31
num_cat=4
split_feature=0 0 4 3 5 2 3 5 6 5 5 3 6 3 3 5 6 3 3 3 5 4 3 3 6 3 3 5 5 5
split_gain=62.0865 31.1231 3.68358 3.31149 2.79634 3.33204 4.42948 3.35456 3.9106 3.20411 6.56726 2.90724 2.78382 2.83786 3.26054 2.45824 4.22988 2.56535 3.69261 2.9354 4.39534 3.49286 5.26158 3.53358 5.11662 3.75361 4.14448 3.03401 2.83038 3.14888
threshold=0 1 2 276525.00000000006 16.500000000000004 2.5000000000000004 615453.00000000012 35.500000000000007 448.50000000000006 104.50000000000001 147.50000000000003 3318154.5000000005 552.50000000000011 4137080.0000000005 1926088.0000000002 7.5000000000000009 335.50000000000006 564154.50000000012 918942.50000000012 1760464.0000000002 134.50000000000003 3 2786386.5000000005 3415863.5000000005 474.50000000000006 3559367.5000000005 3853831.0000000005 51.500000000000007 83.500000000000014 113.50000000000001
decision_type=1 1 1 2 2 2 2 2 2 2 2 2 2 2 2 2 2 2 2 2 2 1 2 2 2 2 2 2 2 2
left_child=-1 15 -3 -4 -5 6 -6 -8 9 -9 -11 -7 -10 14 -14 16 -2 -17 -19 20 -20 22 27 24 -24 -25 -27 -21 -29 -30
right_child=1 2 3 4 5 11 7 8 12 10 -12 -13 13 -15 -16 17 -18 18 19 21 -22 -23 23 25 -26 26 -28 28 29 -31
leaf_value=-0.032050503819627152 0.022108349472123336 0.0022847554889800174 0.028451699113966378 0.021791694122691632 -0.0046065086345430852 0.0088748296783734883 0.00061245722595544745 0.015874371451210012 0.031825710721968173 -0.015860927978110059 0.014015774815394533 -0.0055248001860966943 0.0076256499638097264 0.0035823564413858915 0.025007449699420658 0.0031849253163395643 -0.0024107846539495998 -0.014832396914202977 -0.002172601619774641 0.0036900139619953842 0.016673282825928368 -0.0094874716506615758 -0.0042297547881702431 -0.021546556519598015 0.020008451294350037 0.014638939319489586 -0.0036012955685304935 -0.029391529360592545 0.0065395576685008802 -0.015520296557654986
leaf_weight=48.938864380121231 8.2678891271352786 72.029457062482834 9.8189626932144147 19.629328042268753 12.590720519423483 30.75910884141922 15.866296529769896 25.108938902616501 13.99096232652664 10.904713153839113 13.924049839377401 20.071400880813599 15.345202863216398 12.980459719896315 32.356425046920776 42.017266027629375 19.468472301959991 28.193390525877476 46.94882732629776 10.385128073394297 13.531570702791212 87.041038475930691 12.659220583736898 6.6795228645205489 18.387972980737686 13.676530800759791 46.50913592427969 7.8390861302614203 7.632738649845126 18.536103390157223
leaf_count=649 47 333 40 80 51 130 64 102 57 45 57 88 62 53 131 246 119 177 272 65 87 524 78 45 111 82 295 49 49 122
internal_value=0.000258208 0.0025822 0.00972998 0.0114236 0.0110611 0.0099267 0.0121279 0.0136498 0.0152917 0.00853622 0.000787971 0.00319197 0.0196369 0.0163562 0.0196873 -0.00305729 0.00541309 -0.00372301 -0.00464282 -0.00360402 0.00224649 -0.0051499 -0.00167052 0.00210727 0.0103019 -0.00179345 0.000715109 -0.0102336 -0.0144695 -0.00908216
internal_weight=742.089 693.15 305.376 233.347 223.528 203.898 153.068 140.477 124.611 49.9377 24.8288 50.8305 74.673 60.6821 47.7016 387.774 27.7364 360.038 318.02 289.827 60.4804 229.346 142.305 97.9124 31.0472 66.8652 60.1857 44.3931 34.0079 26.1688
internal_count=4310 3661 1293 960 920 840 622 571 507 204 102 218 303 246 193 2368 166 2202 1956 1779 359 1420 896 611 189 422 377 285 220 171
cat_boundaries=0 1 2 3 4
cat_threshold=4 1 2 13
is_linear=0
shrinkage=0.03


Tree=48
num_leaves=31
num_cat=4
split_feature=0 0 1 4 6 1 4 5 6 6 5 6 6 1 1 5 1 6 3 3 5 5 6 6 5 5 1 3 5 5
split_gain=59.3394 31.5515 39.7469 5.395 6.33911 5.79328 5.25698 6.35103 3.94564 6.32621 3.84532 5.11903 3.75846 3.24528 5.39171 2.38237 3.78086 2.14137 2.29575 2.06555 1.88816 2.25093 1.88524 2.30931 1.83786 3.47218 2.50453 2.17612 5.43207 3.188
threshold=0 1 5.5000000000000009 2 316.50000000000006 2.5000000000000004 3 105.50000000000001 795.50000000000011 529.50000000000011 124.50000000000001 622.50000000000011 891.50000000000011 5.5000000000000009 12.500000000000002 128.50000000000003 23.500000000000004 347.50000000000006 2120148.0000000005 4605662.5000000009 30.500000000000004 107.50000000000001 705.50000000000011 522.50000000000011 25.500000000000004 3.5000000000000004 6.5000000000000009 3559367.5000000005 124.50000000000001 47.500000000000007
decision_type=1 1 2 1 2 2 1 2 2 2 2 2 2 2 2 2 2 2 2 2 2 2 2 2 2 2 2 2 2 2
left_child=-1 2 3 4 -2 10 8 19 9 17 11 -5 13 -9 -15 -16 -17 18 -3 -8 -7 -22 23 -6 25 -4 -26 29 -29 -28
right_child=1 6 24 5 22 20 7 12 -10 -11 -12 -13 -14 14 15 16 -18 -19 -20 -21 21 -23 -24 -25 26 -27 27 28 -30 -31
leaf_value=-0.031961764158575177 0.01533152329123575 0.0089836006863962467 0.0028534595985395955 0.014019046465520772 -0.010160564001295206 0.018804351521865409 0.016801095545359267 -0.0090977017544981841 0.01177315721400927 -0.018188868638463886 0.008595488264560731 0.041116236384942911 0.018729171970955426 0.018153976585414094 -0.011090428859665658 0.013052799356650718 -0.0064955766515600736 0.014139763683328669 -0.0094733608228495959 0.0043828920549855276 -0.0032998960903715818 0.011061590858342633 -0.013712511026233741 0.010087976636893578 0.0030308668786953583 -0.018950288059446582 -0.0031625039628969506 -0.011457825976775957 0.0080247884996814765 -0.014378696432634477
leaf_weight=48.410769529640675 16.00096233189106 9.8347924798727053 7.4538805633783332 13.223977223038675 9.1543063968420046 9.069773003458975 128.25817205011845 15.411665007472036 20.728986203670502 16.426299035549164 13.151410356163977 14.367559745907782 15.34876102209091 20.601384028792381 11.820816412568091 18.142585515975952 15.79426997900009 11.156562745571135 12.807271897792814 14.226722985506056 18.745708152651787 18.845444589853287 17.124592378735542 9.1225130259990674 13.722777321934698 42.673178002238274 29.562322422862053 36.903760656714439 18.651701048016548 109.71420752257109
leaf_count=659 75 45 49 55 43 40 524 65 94 76 55 58 62 84 49 75 68 50 62 59 83 87 84 42 74 306 203 265 128 792
internal_value=-0.000174662 0.00204071 -0.00355435 0.00935351 0.000177224 0.0131765 0.00919033 0.0111173 0.000942959 -0.0034854 0.0228278 0.0290737 0.00558124 0.00291685 0.00580083 -3.02088e-05 0.00402944 0.00397789 -0.00141552 0.0156004 0.00721176 0.00399997 -0.00685664 -5.48745e-05 -0.0104899 -0.0157157 -0.00916491 -0.010035 -0.00489067 -0.0120375
internal_weight=756.457 708.046 397.488 138.806 51.4024 87.4039 310.558 239.604 70.9539 50.2249 40.7429 27.5915 97.1195 81.7707 66.3591 45.7577 33.9369 33.7986 22.6421 142.485 46.6609 37.5912 35.4014 18.2768 258.682 50.1271 208.555 194.832 55.5555 139.277
internal_count=4411 3752 2439 622 244 378 1313 986 327 233 168 113 403 341 276 192 143 157 107 583 210 170 169 85 1817 355 1462 1388 393 995
cat_boundaries=0 1 2 3 4
cat_threshold=4 1 2 2
is_linear=0
shrinkage=0.03


Tree=49
num_leaves=31
num_cat=4
split_feature=0 0 1 4 3 3 3 4 5 3 3 5 3 2 2 3 3 5 5 3 3 3 5 3 5 5 1 1 3 3
split_gain=60.2437 35.364 35.1617 5.61042 6.18242 5.67692 6.38386 4.60839 9.76056 5.48771 4.32536 3.63295 3.39487 3.31927 2.94423 2.85745 3.71313 4.42224 2.74452 2.74136 2.49471 3.95237 2.53342 2.34958 2.15116 3.4625 2.25814 4.82938 2.0766 5.36305
threshold=0 1 7.5000000000000009 2 3618779.5000000005 1241471.5000000002 707663.50000000012 3 57.500000000000007 3786341.5000000005 2698695.5000000005 105.50000000000001 4336585.5000000009 1.5000000000000002 2.5000000000000004 3273022.5000000005 2515635.5000000005 14.500000000000002 141.50000000000003 2726178.0000000005 2271099.5000000005 707663.50000000012 32.500000000000007 2933926.5000000005 42.500000000000007 45.500000000000007 28.500000000000004 27.500000000000004 960669.00000000012 1524620.0000000002
decision_type=1 1 2 1 2 2 2 1 2 2 2 2 2 2 2 2 2 2 2 2 2 2 2 2 2 2 2 2 2 2
left_child=-1 2 7 11 5 6 13 28 19 10 18 12 20 -5 -6 16 17 -7 -10 -9 21 -3 -22 -18 -4 -26 27 -27 -2 -30
right_child=1 3 24 4 14 15 -8 8 9 -11 -12 -13 -14 -15 -16 -17 23 -19 -20 -21 22 -23 -24 -25 25 26 -28 -29 29 -31
leaf_value=-0.031850331942996246 -0.01177283468157201 0.03070934930543404 -0.015186009116722559 0.011429337269809891 0.019277316910861889 0.011193647283426389 0.024926424741912645 0.033929878148024228 -0.0013397084870187797 -0.01022977951165966 0.021455262795279595 0.0097511018091684994 0.0044277063794832695 -0.01018387597219864 0.00090575026291917578 -0.01686916318464508 0.018634940047540551 -0.011726669061624909 0.01457574904191126 0.015139361050341948 0.013982071481849318 0.0099511078509155696 0.032537176997949016 -0.0012267794570097314 0.013721580385958065 -0.009701411540029117 -0.021690295263416683 0.014856895966318017 0.022663764693576345 -0.001966158893388885
leaf_weight=46.381956428289413 10.297168150544165 11.050760149955748 71.702418349683285 11.757059797644617 32.875897064805031 9.2018149495124799 15.60584135353565 15.713479176163672 28.66225554049015 15.263184458017347 17.754145368933678 64.868501275777817 12.718010634183882 11.826628878712652 10.351912707090376 10.874661877751349 10.4516678750515 29.518981292843819 13.665914341807364 17.100740656256676 11.838995710015295 31.978486686944962 26.277631819248199 9.8594622164964658 5.1225964426994315 122.59974829107523 12.049960292875765 6.7811904698610297 8.6432048976421338 44.789044424891472
leaf_count=649 51 45 527 49 138 40 67 69 133 74 82 269 53 51 48 49 46 129 62 79 48 130 108 44 36 894 88 49 41 227
internal_value=0.000892051 0.00310012 -0.0029143 0.0106289 0.00519517 0.00168196 0.010677 0.00721085 0.0104998 0.00537077 0.0094365 0.0145425 0.019249 0.00061748 0.0149978 -0.00344012 -0.000726472 -0.00613509 0.00401651 0.0248747 0.0214898 0.0158586 0.0272788 0.00938847 -0.010885 -0.00869199 -0.00959444 -0.00831017 -5.99082e-05 0.00236115
internal_weight=747.583 701.201 390.145 311.056 152.324 109.096 39.1895 171.889 108.16 75.3455 60.0823 158.732 93.8639 23.5837 43.2278 69.9066 59.0319 38.7208 42.3282 32.8142 81.1459 43.0292 38.1166 20.3111 218.256 146.553 141.431 129.381 63.7294 53.4322
internal_count=4375 3726 2412 1314 661 475 167 818 499 351 277 653 384 100 186 308 259 169 195 148 331 175 156 90 1594 1067 1031 943 319 268
cat_boundaries=0 1 2 3 4
cat_threshold=4 1 28 2
is_linear=0
shrinkage=0.03


Tree=50
num_leaves=31
num_cat=4
split_feature=0 0 1 4 1 4 3 3 3 6 1 6 5 5 5 6 6 3 5 3 3 3 1 1 5 1 6 1 3 3
split_gain=58.1176 26.2395 31.6742 11.0127 5.70591 4.82286 6.55138 4.72344 9.21642 4.35209 5.64304 3.82865 3.79808 3.3081 3.03185 3.08291 3.54741 3.02991 2.95352 5.03152 2.88081 2.63327 2.58246 5.92462 2.57206 3.03188 2.2065 2.11005 1.98237 1.74228
threshold=0 1 6.5000000000000009 2 3.5000000000000004 3 4184146.0000000005 3618779.5000000005 2081608.0000000002 701.50000000000011 1.5000000000000002 398.50000000000006 99.500000000000014 3.5000000000000004 105.50000000000001 568.50000000000011 743.50000000000011 2081608.0000000002 34.500000000000007 895933.50000000012 2064474.5000000002 1296706.5000000002 7.5000000000000009 18.500000000000004 121.50000000000001 5.5000000000000009 622.50000000000011 13.500000000000002 2240119.5000000005 1089335.0000000002
decision_type=1 1 2 1 2 1 2 2 2 2 2 2 2 2 2 2 2 2 2 2 2 2 2 2 2 2 2 2 2 2
left_child=-1 2 3 9 12 6 14 8 18 10 -2 -10 26 -4 15 -3 -17 -18 19 -7 -6 -21 -9 -24 -16 -26 -5 29 -12 -20
right_child=1 5 13 4 20 7 -8 22 11 -11 28 -13 -14 -15 24 16 17 -19 27 21 -22 -23 23 -25 25 -27 -28 -29 -30 -31
leaf_value=-0.031745742477320427 -0.013140458244000643 0.026965002447929452 0.010467704852612267 0.019425707186150255 0.014940502096606504 -0.01276850376948155 0.00055064898672972434 0.0044448472030157648 0.0024068625887824924 -0.014054400925289095 0.001407777164972352 -0.015631483351954689 0.011514556716379401 -0.0097335447568442594 -0.0019290173965192817 0.0021771893525362189 0.0091458389980634373 0.031327222587685603 0.029452341746575971 0.021955511189598494 -0.00034330951151983569 0.0015225244658708431 0.03234979240873391 0.0024747382031601347 7.2012925816587742e-05 0.018286311904822411 0.037684373347018199 0.00556266460145966 0.018237741067002402 0.010185647642487503
leaf_weight=44.592731315642595 12.180060863494871 37.634230300784111 6.7571215331554404 18.32016105949879 19.390401855111122 12.032098740339277 26.923034936189651 17.717449814081192 16.578567236661911 20.090282455086708 11.329310253262522 27.196418628096581 23.863849341869354 223.06761436164379 10.631115823984144 14.462548196315764 11.814721390604975 11.819929495453833 9.9066611826419848 9.2019466906785983 24.262436643242836 13.162245616316794 13.29681931436062 10.568813800811766 10.592276483774183 35.923762872815132 13.389458447694777 14.706457510590552 13.712760880589483 9.5162325501441938
leaf_count=641 57 154 45 76 89 53 112 78 76 103 54 120 100 1615 44 59 48 48 42 40 120 59 56 44 44 148 54 60 65 40
internal_value=0.00107657 0.00320963 -0.00202358 0.00835295 0.0136068 0.00964128 0.0132506 0.00467447 0.00173361 -0.00269232 0.00294312 -0.00889878 0.0212796 -0.00909683 0.0167902 0.020777 0.0141309 0.0210603 0.00855601 0.00223614 0.00662825 0.0105097 0.0134872 0.0197513 0.0112404 0.0142275 0.0280519 0.0146803 0.0109701 0.0209736
internal_weight=744.642 700.049 386.363 156.539 99.2263 313.685 159.802 153.884 112.301 57.3124 37.2221 43.775 55.5735 229.825 132.879 75.7314 38.0972 23.6347 68.5256 34.3963 43.6528 22.3642 41.5831 23.8656 57.1472 46.516 31.7096 34.1294 25.0421 19.4229
internal_count=4344 3703 2378 718 439 1325 657 668 490 279 176 196 230 1660 545 309 155 96 294 152 209 99 178 100 236 192 130 142 119 82
cat_boundaries=0 1 2 3 4
cat_threshold=4 1 2 28
is_linear=0
shrinkage=0.03


Tree=51
num_leaves=31
num_cat=3
split_feature=0 0 1 6 2 4 6 1 6 6 6 3 3 1 3 6 6 3 3 2 6 6 6 3 6 6 3 1 6 3
split_gain=54.0162 27.8797 44.3272 5.59731 5.52543 5.19855 4.93917 4.1108 5.56602 3.86919 3.47679 3.70824 3.82902 3.49366 5.87649 3.27648 3.17218 2.84024 2.7897 2.45172 3.29953 2.51785 2.49151 3.03544 2.56288 4.52323 2.41926 2.37361 2.25673 2.0867
threshold=0 1 6.5000000000000009 75.500000000000014 2.5000000000000004 2 824.50000000000011 5.5000000000000009 658.50000000000011 792.50000000000011 196.50000000000003 2726178.0000000005 3853831.0000000005 2.5000000000000004 1206581.5000000002 608.50000000000011 857.50000000000011 2821585.0000000005 2316237.5000000005 2.5000000000000004 954.50000000000011 731.50000000000011 87.500000000000014 2562772.0000000005 766.50000000000011 654.50000000000011 3455427.5000000005 4.5000000000000009 174.50000000000003 1777340.0000000002
decision_type=1 1 2 2 2 1 2 2 2 2 2 2 2 2 2 2 2 2 2 2 2 2 2 2 2 2 2 2 2 2
left_child=-1 2 5 17 7 10 -7 27 28 15 -2 13 -13 -12 -15 -6 -10 -3 -11 20 22 -21 23 -4 25 -24 -23 -5 -9 -26
right_child=1 3 19 4 9 6 -8 8 16 18 11 12 -14 14 -16 -17 -18 -19 -20 21 -22 26 24 -25 29 -27 -28 -29 -30 -31
leaf_value=-0.03165934436670808 0.00403668625562577 0.0036486519844514524 -0.010011250272383643 0.0083062942344255524 0.0027707492580460245 0.0064798337952548159 -0.011788912826164793 0.0085749744838858385 0.00079610409748908414 0.0021988149532195063 0.023657599536474387 0.036330178183835132 0.012418169595491029 0.019202805093845116 -0.012503028277668696 -0.014299946146086337 0.013894936207701545 -0.017340388899900396 0.024305920247825359 -0.020677662155183719 -0.019985842536783319 -5.7863802927868004e-05 -0.0081052571704212251 0.017174438277260579 0.0094463633083576304 -0.025010754998346214 -0.020346175818254635 -0.0068138598636652645 0.021541799495975646 -0.0067102885331905273
leaf_weight=43.776491682976484 17.416876673698425 13.005978196859362 6.0368996858596784 46.931901440024376 36.154454052448273 61.387390285730362 15.967157885432242 16.376220285892487 30.454757854342461 10.420933321118357 12.314183428883554 16.724331468343738 11.400662556290625 9.4821301251649874 9.6075541824102384 12.930314242839811 36.023600354790688 9.0904742777347547 9.5715794265270215 41.359243340790272 21.938080377876759 14.25937255471945 90.090656131505966 6.9111040085554123 10.314309045672418 16.469033673405647 7.4146523848175994 10.801652982831 79.980864807963371 18.77904337644577
leaf_count=646 79 56 43 201 160 285 79 68 126 44 50 73 52 42 47 57 148 42 41 314 161 106 630 47 74 125 59 46 328 139
internal_value=0.000286269 0.00232751 -0.00303936 0.00899338 0.0101033 0.00940205 0.00231155 0.0124145 0.01485 0.00265146 0.0142805 0.0195207 0.0273965 0.0118394 0.00341766 -0.00192188 0.00799489 -0.00536315 0.0134364 -0.0112633 -0.00929285 -0.0163662 -0.00759119 0.00469032 -0.0087892 -0.0109263 -0.0075897 0.00540954 0.0194488 -0.000858795
internal_weight=743.392 699.615 387.873 311.743 289.646 154.3 77.3545 220.569 162.835 69.0773 76.9457 59.5289 28.125 31.4039 19.0897 49.0848 66.4784 22.0965 19.9925 233.572 170.539 63.0333 148.601 12.948 135.653 106.56 21.674 57.7336 96.3571 29.0934
internal_count=4368 3722 2405 1317 1219 707 364 917 670 302 343 264 125 139 89 217 274 98 85 1698 1219 479 1058 90 968 755 165 247 396 213
cat_boundaries=0 1 2 3
cat_threshold=4 1 13
is_linear=0
shrinkage=0.03


Tree=52
num_leaves=31
num_cat=4
split_feature=0 0 1 4 5 1 5 6 1 3 4 3 6 6 1 6 6 3 5 6 5 1 3 3 3 1 3 1 1 1
split_gain=51.9756 27.2509 29.0688 8.97062 7.47743 6.9482 6.13751 4.13365 3.1688 2.96161 3.45147 5.65414 4.86588 3.4035 3.3545 3.32077 3.22132 3.51029 2.99554 2.91079 2.65211 2.59509 3.25749 2.34769 2.33685 4.02119 2.28048 2.22812 2.09065 2.96961
threshold=0 1 7.5000000000000009 2 41.500000000000007 2.5000000000000004 25.500000000000004 824.50000000000011 1.5000000000000002 1241471.5000000002 3 3541527.0000000005 347.50000000000006 552.50000000000011 7.5000000000000009 891.50000000000011 636.50000000000011 1013685.0000000001 125.50000000000001 827.50000000000011 99.500000000000014 5.5000000000000009 2874836.5000000005 3816820.5000000005 3120601.0000000005 20.500000000000004 3525787.0000000005 9.5000000000000018 28.500000000000004 27.500000000000004
decision_type=1 1 2 1 2 2 2 2 2 2 1 2 2 2 2 2 2 2 2 2 2 2 2 2 2 2 2 2 2 2
left_child=-1 2 3 7 6 -6 -5 8 -2 16 12 24 18 26 -13 -15 17 20 -11 -18 -3 22 -10 -7 25 27 -14 -12 29 -4
right_child=1 9 28 4 5 23 -8 -9 21 10 11 14 13 15 -16 -17 19 -19 -20 -21 -22 -23 -24 -25 -26 -27 -28 -29 -30 -31
leaf_value=-0.031584122488389169 -0.011067101600433499 0.0067473105162351582 -0.010549478441476129 0.011191034035199455 0.017866404272408178 0.0034561122184325779 0.0419447994149185 -0.017304682325991892 0.00025767069415875911 0.0080498527913872922 -0.0012003518825958192 0.0012863780587378942 0.014968781073650468 0.0054684936573411542 0.017666200060010177 0.020393591532527875 -0.0050046383683539242 0.033995069013871559 -0.0094119363340036226 0.013484354172835189 0.023835202487551943 -0.0074064576259003862 0.021702398204573196 -0.011751135324882553 -0.015253579850334759 -0.016526133219912972 0.034692501552993665 0.01250830808574414 -0.021148785991234136 0.0080536311850535232
leaf_weight=43.057312425225973 14.207428395748137 22.018659919500351 188.35001703351736 13.915402278304102 31.818572118878365 44.709928900003433 10.538096249103544 14.741131350398062 13.568050026893617 23.070177480578423 32.20625676214695 20.102044761180878 15.325917109847071 40.538031041622162 25.056221574544907 19.92859959602356 12.419649928808214 10.037074252963064 12.997809812426565 17.406655550003052 13.232462897896765 9.5719848722219449 11.066052153706549 10.420204132795332 10.659594044089316 10.396842807531355 10.344550698995588 14.846453726291655 15.872720137238501 7.3524572625756255
leaf_count=651 67 93 1405 64 131 215 46 78 64 95 144 89 63 167 105 81 52 42 55 72 54 54 52 54 48 43 43 64 119 55
internal_value=1.80061e-05 0.00201349 -0.00330504 0.00573961 0.0103022 0.00693732 0.0255714 -0.00341695 0.000384772 0.00861505 0.00690795 0.00225012 0.0101642 0.0148262 0.0105606 0.0106393 0.0138055 0.01879 0.001673 0.00587295 0.0136423 0.00532053 0.0103618 0.000423628 -0.00300746 -0.000513137 0.0239197 0.0032954 -0.0107591 -0.00981318
internal_weight=739.776 696.719 386.132 174.557 111.402 86.9487 24.4535 63.1546 48.4135 310.587 235.472 113.267 122.205 86.1371 45.1583 60.4666 75.1145 45.2882 36.068 29.8263 35.2511 34.2061 24.6341 55.1301 68.1091 57.4496 25.6705 47.0527 211.575 195.702
internal_count=4365 3714 2404 825 510 400 110 315 237 1310 997 493 504 354 194 248 313 189 150 124 147 170 116 269 299 251 106 208 1579 1460
cat_boundaries=0 1 2 3 4
cat_threshold=4 1 2 28
is_linear=0
shrinkage=0.03


Tree=53
num_leaves=31
num_cat=2
split_feature=0 0 1 1 3 5 5 3 3 2 5 5 3 3 3 2 3 3 2 1 5 5 3 3 3 5 5 1 3 3
split_gain=53.4572 32.0247 25.1878 4.83892 3.70199 2.66732 3.68407 2.99606 4.54295 2.64648 2.60634 2.97342 2.39161 7.19956 2.39155 2.46566 2.2295 3.88351 2.1755 2.76432 2.07818 2.08839 2.29194 1.96644 2.73324 1.91318 1.77228 1.57119 1.5602 1.96563
threshold=0 1 5.5000000000000009 6.5000000000000009 4562861.5000000009 36.500000000000007 53.500000000000007 1871027.5000000002 3639158.5000000005 1.5000000000000002 144.50000000000003 166.50000000000003 4062759.5000000005 4421952.0000000009 3336201.5000000005 2.5000000000000004 1089335.0000000002 849765.00000000012 3.5000000000000004 1.0000000180025095e-35 133.50000000000003 31.500000000000004 2142715.5000000005 2898611.5000000005 2382413.0000000005 63.500000000000007 154.50000000000003 11.500000000000002 2064474.5000000002 1524620.0000000002
decision_type=1 1 2 2 2 2 2 2 2 2 2 2 2 2 2 2 2 2 2 2 2 2 2 2 2 2 2 2 2 2
left_child=3 2 14 18 5 7 -7 27 -9 10 12 26 -4 -14 23 -16 17 -11 19 -1 21 22 -21 24 -2 -23 -12 -5 29 -18
right_child=1 -3 9 4 -6 6 -8 8 -10 16 11 -13 13 -15 15 -17 28 -19 -20 20 -22 25 -24 -25 -26 -27 -28 -29 -30 -31
leaf_value=0.018825402354889508 0.0091827903315666089 -0.031489716571034922 -0.010709527147308658 0.0064816735684197655 -0.00036865523211411006 0.027621697924705198 0.013418169334954128 -0.0075112787548432466 0.015395217096667413 -0.011264689524173593 -0.00088967600854105626 -0.012335246760010063 0.024078040892818495 -0.014573938749282414 0.0044710471115280565 -0.011663428002420689 -0.012142946302720517 0.012703372053542081 -0.0090011409401019125 -0.0089191187317295886 -0.0075503356192162989 0.017118191619361164 0.0070117427810218779 0.018164895026388569 -0.0055869812795504006 0.0022605679708797228 0.019465233236584865 0.021794766493628468 -0.012517220175398976 -0.030515248240765371
leaf_weight=11.046242490410803 65.250487983226776 41.796452488750219 77.909814864397049 12.261763021349909 19.326029598712921 19.871433779597282 113.43815344572067 19.292410105466846 11.658330246806143 24.099626086652282 6.7921373471617716 6.7762744575738898 6.552336871623992 9.2014949694275838 31.447696849703789 10.562272965908049 12.746325552463533 7.1224597468972197 9.5874847471714002 13.666381075978281 12.386619195342062 17.565594062209133 17.23073373734951 16.111859649419785 12.88639213144779 14.048719644546507 7.6408440917730331 13.66081766784191 73.804836869239807 11.669962272047995
leaf_count=48 287 650 546 52 81 82 466 85 49 172 48 48 46 69 144 51 90 52 44 61 51 76 79 70 58 58 52 56 553 90
internal_value=2.7336e-05 -0.00687775 -0.00409931 0.00957962 0.0121254 0.0133903 0.0157253 0.00774007 0.00132879 -0.00984864 -0.00644306 0.00294208 -0.00857686 0.00197982 0.00620606 0.000237606 -0.0127983 -0.00557248 0.00392874 0.00545807 0.00326455 0.00549265 -9.34874e-05 0.00883599 0.00670713 0.0107875 0.0104493 0.0150612 -0.0150159 -0.0217793
internal_weight=727.412 422.371 380.575 305.041 209.509 190.183 133.31 56.8733 30.9507 244.316 114.873 21.2093 93.6636 15.7538 136.259 42.01 129.443 31.2221 95.5318 85.9443 74.898 62.5114 30.8971 94.2487 78.1369 31.6143 14.433 25.9226 98.2211 24.4163
internal_count=4314 3026 2376 1288 871 790 548 242 134 1766 809 148 661 115 610 195 957 224 417 373 325 274 140 415 345 134 100 108 733 180
cat_boundaries=0 1 2
cat_threshold=2 1
is_linear=0
shrinkage=0.03


Tree=54
num_leaves=31
num_cat=4
split_feature=0 0 1 4 1 3 2 4 3 2 3 3 3 5 5 5 5 5 5 1 1 1 3 5 5 3 3 1 1 5
split_gain=50.2329 18.303 26.8785 7.85279 4.4055 7.25248 3.97049 3.52965 7.55217 3.41166 3.28847 4.1847 5.30936 2.99769 2.93835 5.05667 2.9295 2.81572 2.31836 2.19856 2.17899 2.15211 3.78803 6.09989 2.12758 3.37342 2.20949 1.97502 1.75433 2.85906
threshold=0 1 5.5000000000000009 2 3.5000000000000004 1808793.5000000002 2.5000000000000004 3 3559367.5000000005 1.5000000000000002 895933.50000000012 1808793.5000000002 2515635.5000000005 109.50000000000001 34.500000000000007 14.500000000000002 154.50000000000003 41.500000000000007 162.50000000000003 7.5000000000000009 19.500000000000004 10.500000000000002 3387718.0000000005 38.500000000000007 35.500000000000007 2292833.5000000005 3258699.5000000005 6.5000000000000009 7.5000000000000009 39.500000000000007
decision_type=1 1 2 1 2 2 2 1 2 2 2 2 2 2 2 2 2 2 2 2 2 2 2 2 2 2 2 2 2 2
left_child=-1 2 3 24 17 -6 16 8 13 14 -11 -12 -13 -3 15 -9 21 -5 -18 -15 -8 22 28 -24 25 -2 -27 -17 29 -4
right_child=1 7 6 4 5 -7 20 9 -10 10 11 12 -14 19 -16 27 18 -19 -20 -21 -22 -23 23 -25 -26 26 -28 -29 -30 -31
leaf_value=-0.031408436395055979 -0.0093408888749620216 0.019538454035679921 0.011429960697987606 0.032518417934662744 0.022020254777226772 -0.007470961885017815 -0.018426628579213285 0.015483066433062687 0.0011254445291501978 -0.013156086707192472 0.016392116962760182 -0.019732222905388438 0.003453070388619652 -0.00081408031667441077 0.013626669008121529 -0.015513522223634162 0.015296887805372375 0.015506993568908457 -0.0035282181860960137 0.013498750317142367 -0.0064019108038174581 -0.0095418824754846272 -0.010383670226626151 0.024616007609012884 -0.013588051719953491 0.019016073544387054 0.00018006422384159583 0.0022432772953854085 -0.014519589080442251 -0.01196802225255824
leaf_weight=41.356942463666201 15.28666217625141 67.60762195289135 8.0084054023027438 11.97426652908325 11.972619101405146 16.966932892799377 42.049809612333775 13.462784960865973 46.239219173789024 14.475364699959753 13.551371291279791 10.565838873386381 37.537298157811165 13.692951068282126 40.136440709233284 11.093876972794535 8.9050512090325373 43.964175745844841 13.80864681303501 30.923328951001167 21.990465000271797 108.17095428705215 7.2338984385132816 9.1744932830333692 10.597425147891043 9.0940596014261263 12.645565986633299 10.144021481275557 16.092486508190632 8.8328589648008329
leaf_count=662 73 277 45 49 52 80 315 58 192 63 58 48 166 56 165 51 61 182 99 127 173 812 50 57 51 42 62 44 118 48
internal_value=0.00029973 0.00225369 -0.00218527 0.00865367 0.0132522 0.00505786 -0.00807612 0.0076483 0.0106962 0.00346766 -0.000780698 0.00228842 -0.00193771 0.0155396 0.00819996 0.0017173 -0.00574066 0.0196556 0.00418612 0.00918452 -0.0144594 -0.0071895 -0.00194534 0.00947574 -0.00196698 0.00111172 0.00854924 -0.00731272 -0.00774716 -0.000824726
internal_weight=727.556 686.199 376.769 132.502 84.878 28.9396 244.267 309.43 158.463 150.967 76.1299 61.6545 48.1031 112.224 74.8371 34.7007 180.227 55.9384 22.7137 44.6163 64.0403 157.513 49.3421 16.4084 47.6237 37.0263 21.7396 21.2379 32.9338 16.8413
internal_count=4336 3674 2369 591 363 132 1778 1305 652 653 335 272 214 460 318 153 1290 231 160 183 488 1130 318 107 228 177 104 95 211 93
cat_boundaries=0 1 2 3 4
cat_threshold=4 1 2 28
is_linear=0
shrinkage=0.03


Tree=55
num_leaves=31
num_cat=3
split_feature=0 0 1 4 5 5 3 1 1 6 5 6 3 3 6 3 6 5 1 5 5 6 5 6 6 5 6 3 3 1
split_gain=47.2057 24.7381 25.0066 5.70591 7.96011 6.39934 5.32431 4.15246 3.03995 4.11104 3.98508 2.77946 4.79951 2.74381 5.46333 5.02804 9.25616 4.47747 2.71611 3.88338 3.65248 3.37143 2.86334 3.10765 2.99316 4.19471 4.6447 2.71236 4.31788 2.59663
threshold=0 1 7.5000000000000009 2 41.500000000000007 23.500000000000004 3853831.0000000005 2.5000000000000004 9.5000000000000018 64.500000000000014 164.50000000000003 426.50000000000006 2698695.5000000005 3387718.0000000005 316.50000000000006 4354101.0000000009 164.50000000000003 154.50000000000003 12.500000000000002 89.500000000000014 139.50000000000003 882.50000000000011 17.500000000000004 215.50000000000003 347.50000000000006 47.500000000000007 568.50000000000011 1524620.0000000002 1410577.0000000002 9.5000000000000018
decision_type=1 1 2 1 2 2 2 2 2 2 2 2 2 2 2 2 2 2 2 2 2 2 2 2 2 2 2 2 2 2
left_child=-1 2 3 -2 5 -5 7 -6 -3 -10 18 -9 -13 27 15 16 -15 -16 19 -11 21 22 -20 -24 -25 -26 -27 28 29 -4
right_child=1 8 13 4 6 -7 -8 11 9 10 -12 12 -14 14 17 -17 -18 -19 20 -21 -22 -23 23 24 25 26 -28 -29 -30 -31
leaf_value=-0.031336096002974462 -0.0025240219098084495 0.0043440647606770647 -0.027352384022627983 0.0091307003720859509 0.018209771499170926 0.040724712610344181 -0.010342165981023596 0.011648486380718113 -0.0074683476464351651 0.013027349327446584 -0.0035886847664778018 -0.011065352320714832 0.015064398666754348 -0.0066456652120397584 -0.014555707086978696 -0.010892096763424184 0.042826871025084701 0.011556615919324383 0.023862840679489971 0.035446098912947033 -0.0022244157230560608 0.023897074795318194 0.020341911772910008 -0.0087005672462200073 -0.0061999391176249035 0.026009432528878492 0.0033297288601775699 -0.017299916648390094 0.014821396813446431 -0.008365791805154673
leaf_weight=40.726326707750559 64.612588852643967 133.39953264594078 6.8200881406664839 13.1441987156868 24.033910840749741 10.47392989695072 16.063680931925774 18.474063336849213 10.247919514775274 24.724223285913467 13.932798251509665 19.447062954306606 8.1891058236360532 6.2809528112411517 42.215665884315968 7.662729285657405 5.876635305583477 6.0849326178431502 10.506484672427176 10.100895434617994 16.839434087276459 19.163967713713646 12.662323623895643 11.754309996962546 13.18257164955139 13.782209962606428 18.815088450908661 70.749484151601791 5.5959188640117636 51.870854929089546
leaf_count=669 325 577 51 60 98 46 78 87 44 106 58 96 39 44 326 57 40 45 43 41 69 78 52 49 54 57 77 554 40 389
internal_value=-0.000353616 0.00152675 -0.0036216 0.00469666 0.00839905 0.0242268 0.00479778 0.00836161 0.00780711 0.0103968 0.0115415 0.0029509 -0.00306695 -0.010752 -0.00572032 0.00728916 0.0187054 -0.0110984 0.012947 0.0203377 0.0105876 0.0127486 0.00984114 0.00743678 0.00429757 0.00774959 0.0134075 -0.0132296 -0.00855369 -0.0109934
internal_weight=727.434 686.708 377.596 174.439 109.826 23.6181 86.2078 70.1441 309.112 175.712 165.464 46.1102 27.6362 203.157 68.1209 19.8203 12.1576 48.3006 151.532 34.8251 116.706 99.867 80.703 70.1965 57.5342 45.7799 32.5973 135.036 64.2869 58.6909
internal_count=4349 3680 2375 829 504 106 398 320 1305 728 684 222 135 1546 512 141 84 371 626 147 479 410 332 289 237 188 134 1034 480 440
cat_boundaries=0 1 2 3
cat_threshold=4 1 2
is_linear=0
shrinkage=0.03


Tree=56
num_leaves=31
num_cat=4
split_feature=0 0 1 4 5 3 3 4 6 1 5 6 1 6 6 5 3 3 3 1 5 6 3 6 3 6 6 1 3 3
split_gain=44.4306 24.4738 26.5077 4.30538 3.82172 3.70186 4.48405 3.65873 3.31306 5.2612 3.14737 3.12322 3.29066 4.53929 3.58254 3.0899 4.64147 4.49427 3.40276 3.87709 3.11486 2.84827 2.67704 2.60648 2.38347 2.2677 2.47381 1.99453 1.87924 5.42349
threshold=0 1 7.5000000000000009 2 50.500000000000007 3618779.5000000005 3168309.5000000005 3 746.50000000000011 3.5000000000000004 23.500000000000004 330.50000000000006 5.5000000000000009 713.50000000000011 891.50000000000011 50.500000000000007 3786341.5000000005 3183781.5000000005 822926.00000000012 1.5000000000000002 25.500000000000004 140.50000000000003 2064474.5000000002 146.50000000000003 2338434.5000000005 875.50000000000011 529.50000000000011 2.5000000000000004 540859.00000000012 1241471.5000000002
decision_type=1 1 2 1 2 2 2 1 2 2 2 2 2 2 2 2 2 2 2 2 2 2 2 2 2 2 2 2 2 2
left_child=-1 2 7 4 -3 6 23 8 9 -2 -11 21 -13 -14 -15 20 17 18 -17 -20 -9 -6 -4 -5 -24 26 -7 -10 -25 -30
right_child=1 3 22 5 11 25 -8 15 27 10 -12 12 13 14 -16 16 -18 -19 19 -21 -22 -23 24 28 -26 -27 -28 -29 29 -31
leaf_value=-0.031229142757736687 -0.005970219768119245 0.019124201139787522 -0.015276549230546135 -0.0089581766471854059 0.010947455832810872 0.012794703721045173 -0.015172638657805234 0.0057685788466269681 -0.0016754783505042664 0.0025580093351207848 0.025953596804106881 0.00022414887374934907 0.02193916782744337 -0.0032805198835256029 0.017196673948621396 0.015520690360170715 -0.0095051902675115634 0.025254154579216488 0.015276871027526692 -0.0058841872723058627 0.025283019202722915 -0.0058835661651683996 0.0066244315484919646 -0.0056686262278441519 -0.0093101907885829952 0.02258663468882631 -0.0036450775137269664 -0.02091612592742868 0.01956176188662186 0.0012139306751353396
leaf_weight=38.864899333566427 25.949055567383766 42.978689670562744 83.636384405195713 13.805038660764692 14.388820961117743 20.218114539980888 13.600224897265432 14.544929012656214 9.545139744877817 10.915334701538088 9.2786313593387586 17.657024309039116 35.417764887213707 16.779992654919628 12.796462893486021 17.145569205284119 14.949644982814787 10.985082626342772 9.6126567423343641 28.325804308056831 15.669454798102377 20.98862561583519 8.4403910711407644 12.416263729333876 111.08501646667719 9.9588247537612897 12.874103784561155 9.269864693284033 19.673695638775826 49.043089166283607
leaf_count=658 120 176 641 61 60 87 61 66 46 58 47 73 146 69 52 76 73 51 39 138 68 87 67 52 850 41 55 53 84 215
internal_value=-0.000431787 0.00134059 -0.0037772 0.00754354 0.0108265 0.00309609 0.000319166 0.00472528 -0.00126542 0.00289237 0.0140251 0.00857928 0.0117402 0.014818 0.00585175 0.0076362 0.00514846 0.00855647 0.00483563 -0.000267867 0.0163747 0.00107476 -0.011138 0.00267344 -0.00813933 0.0106338 0.0064797 -0.0117322 0.00473757 0.00667218
internal_weight=730.815 691.95 379.353 312.597 161.007 151.589 108.538 176.191 64.958 46.143 20.194 118.029 82.6512 64.9942 29.5765 111.233 81.0188 66.0691 55.084 37.9385 30.2144 35.3774 203.162 94.9381 119.525 43.051 33.0922 18.815 81.133 68.7168
internal_count=4370 3712 2393 1319 663 656 473 835 324 225 105 487 340 267 121 511 377 304 253 177 134 147 1558 412 917 183 142 99 351 299
cat_boundaries=0 1 2 3 4
cat_threshold=4 1 28 2
is_linear=0
shrinkage=0.03


Tree=57
num_leaves=31
num_cat=3
split_feature=0 0 1 4 2 1 3 3 5 3 3 3 3 1 1 1 1 3 3 3 3 1 2 3 3 3 5 2 3 1
split_gain=42.233 17.5765 26.1064 9.56829 5.24617 3.7836 2.4538 2.81039 3.92462 2.33584 2.46598 3.27311 2.43196 3.7038 3.66632 2.61985 3.63622 2.32107 2.88413 2.53577 2.21899 2.18484 4.17132 2.22374 3.48107 2.28015 3.18386 2.72818 1.70507 1.63306
threshold=0 1 6.5000000000000009 2 1.5000000000000002 2.5000000000000004 871020.00000000012 1612707.0000000002 31.500000000000004 4500986.0000000009 4062759.5000000005 3816820.5000000005 2821585.0000000005 11.500000000000002 22.500000000000004 7.5000000000000009 10.500000000000002 849765.00000000012 1146606.0000000002 2081608.0000000002 1926088.0000000002 6.5000000000000009 3.5000000000000004 4579562.0000000009 4801733.0000000009 3994460.5000000005 159.50000000000003 1.5000000000000002 2439313.5000000005 4.5000000000000009
decision_type=1 1 2 1 2 2 2 2 2 2 2 2 2 2 2 2 2 2 2 2 2 2 2 2 2 2 2 2 2 2
left_child=-1 2 3 6 9 -5 -2 -8 -9 10 11 12 15 -14 -15 -4 -17 -6 -19 -20 -18 22 29 25 -25 26 -23 -27 -21 -3
right_child=1 21 4 5 17 -7 7 8 -10 -11 -12 -13 13 14 -16 16 20 18 19 28 -22 23 -24 24 -26 27 -28 -29 -30 -31
leaf_value=-0.031101829604327318 -0.017924894217681946 0.0083582552586644755 0.011643346645813417 0.020069908070614557 -0.022599367828536627 0.0079942573282595873 0.013808065266717523 0.0020210708178939846 -0.017402950450999412 -0.017657349332756683 0.010879695266450558 -0.023348466314410163 0.021997521626367957 -0.015353547779734985 0.013790075247747611 -0.023745617439431099 0.00080657467293033353 0.0057186115839850593 -0.021758960611140476 0.0033131806879635557 -0.013633436571876932 0.0097519264886650227 -0.014570074164321387 -0.012450243149522412 0.01161720897732901 0.026975482564787816 -0.0048613616389144316 0.007019737329870537 -0.011336261671335873 -0.00058271439109359069
leaf_weight=35.714161895215511 8.1333220750093442 57.068854749202728 6.1594743877649298 40.327851787209511 20.25299683958292 59.208201050758362 8.4718854427337629 28.498349234461784 12.816055819392203 9.3306904882192594 9.9376897066831571 6.4086457788944236 7.2663243412971523 8.1636186093091947 5.7774668186902991 9.4133005216717702 29.564558528363705 7.7691167294979087 21.026419185101986 7.6493225693702689 13.095594614744185 154.48028622567654 9.4665616899728757 10.030098348855974 9.6157525777816755 13.628726944327356 14.09051790833473 12.281752929091452 60.272457711398602 26.721946313977242
leaf_count=621 40 247 34 165 157 274 39 139 64 71 70 45 49 62 43 70 222 57 163 60 103 644 43 42 40 56 58 52 473 116
internal_value=0.000248706 0.0019215 -0.00239545 0.00692319 -0.00900359 0.0118583 -0.0031014 -0.000985177 -0.00427329 -0.00408243 -0.00259131 -0.004258 -0.00244681 0.00606133 -0.00316123 -0.00559535 -0.00781538 -0.013354 -0.0112065 -0.0127319 -0.00383688 0.00724233 0.00335997 0.00890971 -0.000678199 0.00987677 0.00850896 0.0181287 -0.00966231 0.00553362
internal_weight=722.642 686.928 379.543 157.456 222.088 99.5361 57.9196 49.7863 41.3144 105.117 95.7867 85.849 79.4403 21.2074 13.9411 58.2329 52.0735 116.97 96.7173 88.9482 42.6602 307.384 93.2574 214.127 19.6459 194.481 168.571 25.9105 67.9218 83.7908
internal_count=4319 3698 2400 721 1679 439 282 242 203 769 698 628 583 154 105 429 395 910 753 696 325 1298 406 892 82 810 702 108 533 363
cat_boundaries=0 1 2 3
cat_threshold=4 1 2
is_linear=0
shrinkage=0.03


Tree=58
num_leaves=31
num_cat=5
split_feature=0 0 1 4 4 3 1 1 6 1 6 2 3 3 3 3 1 3 3 6 3 3 6 6 6 6 4 3 3 3
split_gain=41.6395 16.1591 18.463 5.17487 4.84498 2.82377 3.62815 2.70364 4.60454 2.22593 1.8353 1.64562 5.59347 6.60864 2.99016 2.32403 1.69281 1.62634 3.07245 3.72165 1.6228 4.20926 1.57391 1.54613 1.90589 2.99927 2.35793 3.57976 4.42784 1.49486
threshold=0 1 6.5000000000000009 2 3 466807.00000000006 14.500000000000002 2.5000000000000004 377.50000000000006 2.5000000000000004 613.50000000000011 1.5000000000000002 4460811.5000000009 4062759.5000000005 1524620.0000000002 1270187.5000000002 28.500000000000004 822926.00000000012 3202125.5000000005 626.50000000000011 1241471.5000000002 2422432.5000000005 230.50000000000003 1026.5000000000002 795.50000000000011 891.50000000000011 4 1562166.0000000002 3470459.5000000005 3816820.5000000005
decision_type=1 1 2 1 1 2 2 2 2 2 2 2 2 2 2 2 2 2 2 2 2 2 2 2 2 2 1 2 2 2
left_child=-1 2 3 7 -3 6 -6 8 -2 -7 20 12 13 14 15 -4 -13 -9 19 -19 -5 -22 -23 24 26 -26 27 -11 -29 -16
right_child=1 4 11 10 5 9 -8 17 -10 23 -12 16 -14 -15 29 -17 -18 18 -20 -21 21 22 -24 -25 25 -27 -28 28 -30 -31
leaf_value=-0.031051359048110353 0.0013993463201114559 -0.00071875096389465863 -0.0022979899768964286 -0.006760073994792508 0.031435844548211529 -0.0011248685831653929 0.0059269278955054322 0.017561783399974641 0.026790951810458888 0.015585003079879487 -0.0061171874440566643 -0.0095244910235722062 -0.026259633505441561 0.020717145192518185 -0.0076955063631467474 0.017397924658066451 -0.023949971163899259 0.0080237218252359431 0.013226365828976088 -0.015944877154412382 0.020438228630116 0.0077577386897163215 -0.0082247903973551185 0.018688595568422318 -0.0064952824131793725 0.0095621060468950754 0.011863614054100963 -0.013294664428493497 0.0080575954094879321 -0.022890846826819924
leaf_weight=36.177647236734629 9.5957377254962939 71.091433480381966 25.637836173176769 10.191229358315466 9.9984630048275012 22.49294039607048 10.284741804003714 9.1820105463266355 19.200361698865891 11.723428577184675 32.648972362279892 108.80364070832729 9.4011092409491521 8.5456747114658338 48.383957892656326 5.7720930427312842 7.4677712693810454 11.25016011297703 16.52989150583744 10.203195437788962 11.279736012220381 8.528581917285921 12.322802990674971 12.81865046918392 18.564523443579674 21.601322174072266 96.884990006685257 17.147872760891914 15.937340140342711 6.1348847374320021
leaf_count=647 40 326 185 47 41 93 42 40 78 48 159 850 73 59 366 40 60 51 78 49 51 40 58 52 76 88 400 71 66 43
internal_value=-0.000135459 0.00155345 -0.00266227 0.00539826 0.00661581 0.00848003 0.0193876 0.0101924 0.0186606 0.00776578 -0.000769694 -0.00818799 -0.00535989 -0.00302691 -0.00559943 0.00174659 -0.0106473 0.00685825 0.00388667 -0.00357816 0.00322387 0.006499 -0.0016318 0.0087935 0.00799764 0.00216294 0.00962485 0.00167535 -0.00307452 -0.00978691
internal_weight=715.803 679.625 371.08 150.933 308.546 237.454 20.2832 75.9614 28.7961 217.171 74.9713 220.147 103.876 94.4744 85.9288 31.4099 116.271 47.1653 37.9832 21.4534 42.3224 32.1311 20.8514 194.678 181.859 40.1658 141.694 44.8086 33.0852 54.5188
internal_count=4317 3670 2367 691 1303 977 83 336 118 894 355 1676 766 693 634 225 910 218 178 100 196 149 98 801 749 164 585 185 137 409
cat_boundaries=0 1 2 3 4 5
cat_threshold=4 1 13 2 1
is_linear=0
shrinkage=0.03


Tree=59
num_leaves=31
num_cat=4
split_feature=0 0 1 4 5 5 5 5 3 6 4 5 6 3 1 5 3 6 5 1 1 6 3 3 1 6 6 1 3 3
split_gain=41.6515 15.6094 15.3233 5.92161 3.74305 5.73772 3.55719 3.4491 5.34904 4.08836 3.24116 4.67488 7.52091 3.90174 3.61562 3.96191 2.93222 3.21109 2.83931 2.79726 2.72623 2.6654 2.55803 2.55194 2.52875 2.47593 2.38057 3.5351 3.34409 4.45147
threshold=0 1 5.5000000000000009 2 14.500000000000002 21.500000000000004 7.5000000000000009 104.50000000000001 4354101.0000000009 593.50000000000011 3 85.500000000000014 220.50000000000003 1089335.0000000002 3.5000000000000004 31.500000000000004 1241471.5000000002 588.50000000000011 107.50000000000001 7.5000000000000009 9.5000000000000018 618.50000000000011 2045658.5000000002 2099042.5000000005 25.500000000000004 347.50000000000006 899.50000000000011 26.500000000000004 1524620.0000000002 2064474.5000000002
decision_type=1 1 2 1 2 2 2 2 2 2 1 2 2 2 2 2 2 2 2 2 2 2 2 2 2 2 2 2 2 2
left_child=-1 2 10 7 6 -6 -5 8 9 -3 13 12 -12 -2 15 -15 -7 -18 -13 -19 23 25 -11 -9 -22 -20 28 -28 -4 -30
right_child=1 3 26 4 5 16 -8 20 -10 22 11 18 -14 14 -16 -17 17 19 21 -21 24 -23 -24 -25 -26 -27 27 -29 29 -31
leaf_value=-0.030955169478240015 -0.018413628234045916 0.024655117429478242 0.00071634748018541074 0.0023038174166620856 -0.016489103163854529 0.010842411663710977 0.023337366859569355 -0.01199684785192265 -0.0026906922069671567 0.0017231046012078657 -0.0043351100730458121 -0.0078727612548829297 0.025130415743731239 0.0051823039073815823 0.016919679964672266 -0.016428998358785935 -0.006145100460981206 -0.0037515258016587467 0.0034195583661641867 0.011945923823980716 0.014807813493857999 -0.0018539146170664456 0.017959597933494758 0.0072124045975108511 -0.0023341349202971118 0.024546784716705516 -0.015921149868306915 0.0091027445668544812 -0.020646733590282931 -0.0052264801601499301
leaf_weight=34.464304350316525 8.2066754400730115 43.810621321201324 64.14031009376049 15.717381060123445 14.946854799985884 28.587700039148331 12.810917899012564 10.528305292129518 12.010389551520346 16.63498243689537 10.111873030662535 12.91982653737068 29.551495522260666 21.662127137184143 11.259806245565413 10.535553544759749 40.094423234462738 16.491119861602783 9.6331782788038272 24.314758986234665 33.322078764438629 13.904039829969404 17.945498123764992 12.563375368714331 9.6819169521331769 10.272321015596388 37.291401587426662 5.1965643987059584 19.153700798749924 111.48041164875031
leaf_count=633 40 181 460 70 68 120 56 43 50 68 43 56 123 100 56 50 173 72 43 102 136 60 74 52 41 44 287 41 149 836
internal_value=0.000748514 0.00238694 -0.00172537 0.00736392 0.00245749 0.000335737 0.0122196 0.0112436 0.0157595 0.0185846 0.00619366 0.00919414 0.0176965 -0.000545317 0.00304463 -0.0021711 0.00276105 -0.00019218 0.00368414 0.00566403 0.00659988 0.00819974 0.010417 -0.0016802 0.0109831 0.014975 -0.0063399 -0.0127216 -0.00488992 -0.00762709
internal_weight=719.244 684.78 375.319 309.46 152.963 124.435 28.5283 156.497 90.4015 78.3911 138.057 86.3927 39.6634 51.6642 43.4575 32.1977 109.488 80.9003 46.7294 40.8059 66.0957 33.8095 34.5805 23.0917 43.004 19.9055 237.262 42.488 194.774 130.634
internal_count=4327 3694 2388 1306 661 535 126 645 373 323 615 369 166 246 206 150 467 347 203 174 272 147 142 95 177 87 1773 328 1445 985
cat_boundaries=0 1 2 3 4
cat_threshold=4 1 28 2
is_linear=0
shrinkage=0.03


Tree=60
num_leaves=31
num_cat=4
split_feature=0 0 4 3 4 3 2 6 3 3 6 3 6 5 6 5 5 3 6 6 6 5 6 5 5 5 3 5 6 5
split_gain=39.3691 14.5681 3.52576 3.30298 3.06563 6.54985 3.49981 3.78194 3.07587 5.39192 7.13554 3.21466 4.43665 2.80931 2.90148 2.71672 5.02689 2.63863 2.2083 2.18547 6.54237 2.76228 6.08433 3.50043 3.02639 2.02613 2.5567 1.9653 3.77913 1.72788
threshold=0 1 2 276525.00000000006 3 137549.00000000003 3.5000000000000004 155.50000000000003 1073361.0000000002 2992659.5000000005 259.50000000000006 331706.00000000006 827.50000000000011 110.50000000000001 466.50000000000006 128.50000000000003 85.500000000000014 4747053.5000000009 431.50000000000006 891.50000000000011 844.50000000000011 57.500000000000007 311.50000000000006 34.500000000000007 17.500000000000004 36.500000000000007 2439313.5000000005 69.500000000000014 1002.0000000000001 140.50000000000003
decision_type=1 1 1 2 1 2 2 2 2 2 2 2 2 2 2 2 2 2 2 2 2 2 2 2 2 2 2 2 2 2
left_child=-1 4 -3 -4 5 -2 7 15 11 10 -10 -9 18 -6 -15 16 -7 -11 -13 20 21 22 -5 24 -24 -12 29 -21 -29 -27
right_child=1 2 3 19 13 6 -8 8 9 17 25 12 -14 14 -16 -17 -18 -19 -20 27 -22 -23 23 -25 -26 26 -28 28 -30 -31
leaf_value=-0.03090244978821588 0.02582841435220018 -0.00014052554497091677 0.023336972417009352 -0.0012172777061126396 -0.0040894528005014242 -0.015267205751793583 -0.012486044039061065 -0.0062177322050721 0.01718003073989189 0.0072719362085527121 0.0017478167144199485 0.0080585019742000514 -0.0042164056245812083 -0.0017131995547497909 -0.022429811393241988 -0.023976186071973989 0.016063149158039441 -0.010087136319858032 0.029624454089125986 0.0058125558380973611 -0.016804707576997219 0.004633114466357704 0.020986219585393127 0.030007666461746362 -0.0011783337762060499 -0.013092096397880114 -0.024558446792029585 0.030436988865546213 0.0057133885985307369 0.00080033844455023966
leaf_weight=34.542209062725306 7.3923788964748374 71.525988087058067 11.438682481646536 18.734444513916969 121.72804653644562 11.033444859087473 21.148083306849003 8.5128708705306035 8.8980366066098195 64.524813711643219 9.8699750900268537 7.9800778776407304 8.0281892716884595 9.7782483175396937 15.915836371481417 7.9440595209598532 6.4999504610896102 8.074071176350115 11.53810904920101 18.505151137709618 9.8927982598543149 122.88098274171352 11.019464313983919 15.849854171276091 10.104387432336805 23.251778982579708 12.000411652028559 11.767314910888674 10.864530086517332 11.901544608175753
leaf_count=652 43 326 47 77 741 68 146 55 55 426 65 51 53 66 107 54 39 52 72 76 41 508 45 66 41 156 82 48 44 76
internal_value=-0.000112315 0.00147477 0.00625068 0.00782244 -0.00250146 -0.000180828 -0.00117048 8.18381e-05 0.00167527 -0.000375878 -0.00653605 0.0093522 0.0142132 -0.0056796 -0.0149053 -0.0104877 -0.00341245 0.00523053 0.0216296 0.00729093 0.00586687 0.00720932 0.01271 0.0196131 0.01081 -0.010469 -0.0130094 0.0135216 0.0193123 -0.00849662
internal_weight=723.146 688.604 312.584 241.058 376.02 228.598 221.205 200.057 174.58 138.521 65.9217 36.0592 27.5464 147.422 25.6941 25.4775 17.5334 72.5989 19.5182 229.619 188.482 178.589 55.7082 36.9737 21.1239 57.0237 47.1537 41.137 22.6318 35.1533
internal_count=4378 3726 1319 993 2407 1493 1450 1304 1143 912 434 231 176 914 173 161 107 478 123 946 778 737 229 152 86 379 314 168 92 232
cat_boundaries=0 1 2 3 4
cat_threshold=4 1 2 21
is_linear=0
shrinkage=0.03


Tree=61
num_leaves=31
num_cat=2
split_feature=0 0 1 1 1 5 5 3 3 3 3 3 3 5 6 6 5 1 3 1 6 1 6 6 6 3 2 3 1 5
split_gain=37.4431 15.8461 18.5416 3.67833 3.20461 2.97469 2.64954 2.57126 2.15167 2.09742 2.96397 5.9337 4.14421 3.34678 3.17237 3.05238 3.60616 2.88622 2.08477 3.46748 5.1504 3.42891 3.34986 3.21577 2.27028 2.88704 2.44762 2.12622 1.92295 1.88665
threshold=0 1 7.5000000000000009 6.5000000000000009 23.500000000000004 35.500000000000007 105.50000000000001 190422.50000000003 2515635.5000000005 4500986.0000000009 2515635.5000000005 1995103.0000000002 3025910.5000000005 26.500000000000004 766.50000000000011 905.50000000000011 120.50000000000001 13.500000000000002 918942.50000000012 4.5000000000000009 426.50000000000006 5.5000000000000009 746.50000000000011 548.50000000000011 474.50000000000006 3120601.0000000005 1.5000000000000002 2677552.5000000005 27.500000000000004 58.500000000000007
decision_type=1 1 2 2 2 2 2 2 2 2 2 2 2 2 2 2 2 2 2 2 2 2 2 2 2 2 2 2 2 2
left_child=-1 2 7 5 9 -3 28 -2 -8 10 11 15 -12 -14 17 16 -5 -15 23 24 -21 -22 -23 -9 25 -20 -26 -28 -6 -4
right_child=1 3 29 4 6 -7 8 18 -10 -11 12 -13 13 14 -16 -17 -18 -19 19 20 21 22 -24 -25 26 -27 27 -29 -30 -31
leaf_value=-0.03083075067217083 0.018928972028395323 -0.0048043202594780267 -0.012872152505945198 0.019043579811480187 0.00070074838916393334 0.0058875164462812556 0.0046359605712048176 -0.016301608324359462 -0.013192497349184857 0.00050242276831606646 0.031746485179891766 -0.01028884299416573 -0.00088733804497481521 0.020237079719866071 0.030269652308221255 -0.0033420186427666355 0.0027990306045211351 -0.00024244037698087096 0.0094520026964026189 0.0080289414800828636 -0.027529693600316547 -0.014254008318934487 0.012129075285259772 0.0051088105614701795 0.0048882906401670262 -0.0062887595267694012 0.0074777835976592927 0.0245360634681039 0.015383076457111329 -0.0067941904049746626
leaf_weight=33.746224001049995 8.9722167402505857 40.969716444611549 79.464104823768139 39.176757097244263 17.243604078888897 52.048395454883575 10.069174721837046 10.765252605080606 13.019381299614905 16.930422022938728 12.487349718809126 12.869319915771483 12.718909874558447 11.642261162400247 10.385809347033499 10.406333848834036 18.285137712955475 12.095795452594755 21.747846096754074 21.722179859876633 7.3019702285528192 9.4523844197392446 6.4440169855952272 12.863169208168982 27.250741302967072 18.524069145321846 12.614641442894937 16.219966679811478 14.187908619642256 119.70100180804729
leaf_count=654 39 187 630 163 71 218 42 50 55 71 53 55 55 48 43 43 74 50 95 113 41 59 42 61 118 82 54 71 59 937
internal_value=-0.000456772 0.00109918 -0.00304292 0.00616643 0.0083446 0.0011773 0.00203146 0.00410357 -0.00554763 0.0105102 0.0117077 0.00780877 0.0167962 0.0122304 0.0170059 0.01134 0.0140106 0.0102137 0.00318772 0.00456734 -0.00228253 -0.0118706 -0.00347407 -0.00491173 0.00775131 0.0022347 0.0116039 0.0175741 0.00759819 -0.00927141
internal_weight=711.326 677.58 373.044 304.536 211.518 93.0181 54.5201 173.878 23.0886 156.998 140.068 80.7375 59.3301 46.8428 34.1239 67.8682 57.4619 23.7381 164.906 141.278 44.9206 23.1984 15.8964 23.6284 96.3573 40.2719 56.0853 28.8346 31.4315 199.165
internal_count=4333 3679 2392 1287 882 405 227 825 97 655 584 335 249 196 141 280 237 98 786 675 255 142 101 111 420 177 243 125 130 1567
cat_boundaries=0 1 2
cat_threshold=4 1
is_linear=0
shrinkage=0.03


Tree=62
num_leaves=31
num_cat=4
split_feature=0 0 1 6 6 2 3 4 2 6 1 3 6 3 6 1 2 4 3 6 1 3 3 6 3 3 1 1 1 1
split_gain=37.5925 12.2586 23.7116 4.30494 5.67688 3.57369 3.70135 3.35206 4.94264 3.50992 4.70796 3.48004 3.83766 3.23454 3.19319 2.71806 2.58851 2.48395 4.79186 2.71472 2.35489 2.1532 7.31272 2.11122 3.60355 3.16586 1.95663 3.77531 2.04402 1.86905
threshold=0 1 6.5000000000000009 75.500000000000014 131.00000000000003 3.5000000000000004 2835317.0000000005 2 3.5000000000000004 705.50000000000011 1.5000000000000002 540859.00000000012 386.50000000000006 2992659.5000000005 886.50000000000011 4.5000000000000009 1.5000000000000002 3 3597990.0000000005 746.50000000000011 2.5000000000000004 629400.00000000012 276525.00000000006 283.50000000000006 3525787.0000000005 730739.00000000012 10.500000000000002 15.500000000000002 23.500000000000004 8.5000000000000018
decision_type=1 1 2 2 2 2 2 1 2 2 2 2 2 2 2 2 2 1 2 2 2 2 2 2 2 2 2 2 2 2
left_child=-1 2 7 -3 -5 13 -7 9 11 10 -2 -9 -13 21 26 -14 23 18 19 -18 -11 22 -6 24 -4 -25 -15 -28 -29 -27
right_child=1 3 16 4 5 6 -8 8 -10 20 -12 12 15 14 -16 -17 17 -19 -20 -21 -22 -23 -24 25 -26 29 27 28 -30 -31
leaf_value=-0.030730279842174611 -0.0086506163431327842 -0.0060920107618822475 -0.0039685093827836731 0.025251527546765996 0.022583539624621295 -0.013556201445004325 0.0070915302020441683 0.028839639940896382 -0.0080909340341818667 0.0013840211702610256 0.013428148258599804 0.002232805837105104 0.020308377214036381 0.005491402660851288 0.014086449484693656 0.0035948821350780071 -0.015232028446220876 -0.012485046651057279 0.022156623268711671 0.0094174256334241067 -0.018278146905854803 0.012444362266414195 -0.0072240976022967286 0.0052332354183898611 0.019733215281197883 0.002430210828098371 -0.016921840575753192 0.010536799980386832 -0.0051873256301712481 -0.011982542953672662
leaf_weight=32.043140590190887 12.274438828229902 21.954679980874062 19.539155483245853 14.435998797416685 10.42757733166218 14.682760030031206 14.673543825745581 11.123951971530913 9.9076373726129514 10.163482904434206 24.811403200030327 28.529192090034485 35.349398970603943 37.481136307120323 18.950610548257828 12.186359360814093 11.324010089039808 93.955073736608028 5.8686430901288977 5.1594507545232764 10.577939212322233 111.64654944837093 20.154234930872917 14.946805849671362 7.0565374344587317 9.170997239649294 12.528192624449728 13.142954930663111 14.793664351105688 52.948303528130054
leaf_count=639 58 96 142 61 44 64 64 47 43 49 117 127 145 160 79 66 92 753 46 41 59 470 84 106 47 64 52 54 62 412
internal_value=0.000519765 0.00203582 -0.00159664 0.00649319 0.00748783 0.00644253 -0.00334195 0.00736594 0.0102957 0.000517157 0.00608539 0.0136206 0.0110496 0.00765264 0.00337623 0.016186 -0.00791374 -0.0109788 0.000673794 -0.00741921 -0.009023 0.0105221 0.00333277 -0.00440271 0.00280738 -0.00689501 0.000626861 -0.00390276 0.00231867 -0.00984992
internal_weight=711.808 679.765 374.893 304.872 282.917 268.481 29.3563 154.924 97.0965 57.8273 37.0858 87.1889 76.065 239.125 96.8966 47.5358 219.969 116.307 22.3521 16.4835 20.7414 142.228 30.5818 103.662 26.5957 77.0661 77.9459 40.4648 27.9366 62.1193
internal_count=4343 3704 2414 1290 1194 1133 128 711 428 283 175 385 338 1005 407 211 1703 932 179 133 108 598 128 771 189 582 328 168 116 476
cat_boundaries=0 1 2 3 4
cat_threshold=4 1 2 4
is_linear=0
shrinkage=0.03


Tree=63
num_leaves=31
num_cat=2
split_feature=0 0 1 6 2 3 6 6 3 3 1 1 3 3 5 3 3 6 3 3 3 5 6 5 1 6 3 3 5 5
split_gain=34.7156 19.8307 14.5943 3.69037 3.02997 4.18584 2.85067 2.83754 6.67993 7.16293 3.78493 2.79915 5.17064 2.75032 4.11229 2.70684 2.55979 2.53577 2.52259 2.74162 4.20665 2.51746 2.58214 2.50739 2.46961 3.15964 2.44783 2.43665 2.19657 4.13896
threshold=0 1 4.5000000000000009 59.500000000000007 2.5000000000000004 276525.00000000006 766.50000000000011 302.50000000000006 1146606.0000000002 895933.50000000012 6.5000000000000009 7.5000000000000009 3168309.5000000005 4579562.0000000009 6.5000000000000009 540859.00000000012 650945.50000000012 783.50000000000011 4030997.5000000005 2835317.0000000005 1388711.5000000002 19.500000000000004 928.50000000000011 114.50000000000001 7.5000000000000009 215.50000000000003 391405.00000000006 1123658.0000000002 14.500000000000002 21.500000000000004
decision_type=1 1 2 2 2 2 2 2 2 2 2 2 2 2 2 2 2 2 2 2 2 2 2 2 2 2 2 2 2 2
left_child=-1 2 13 -3 5 -5 18 11 9 10 -9 -4 -13 14 -2 -7 17 26 19 20 -6 -16 23 27 25 -17 -12 -23 -26 -30
right_child=1 3 7 4 6 15 -8 8 -10 -11 16 12 -14 -15 21 24 -18 -19 -20 -21 -22 22 -24 -25 28 -27 -28 -29 29 -31
leaf_value=-0.030698514506146329 -0.012546277505597949 -0.0074007907920696442 0.0072320640001632451 0.026265203037545568 0.0070144167651821189 -0.0047718722649456686 0.010241954670069886 0.012086544371535652 -0.013449890848282612 0.021737403870822628 -0.0087855896859403981 -0.013662966768148571 0.0051433778235554983 -0.0092756104436135627 0.018771972159037743 0.018510370198888973 -0.024467471037381644 -0.016085624605671818 -0.014858317833260311 0.011496433831235702 -0.015811758076570717 -0.012883357645959497 0.017493643761879386 0.011707312441529947 0.021909563577653099 0.0012541463998542166 0.015028535909936112 0.0029529824537075115 -0.0088811808357809659 0.011270810050758411
leaf_weight=32.55122346803546 8.9433204382657987 16.338564321398735 17.332110524177551 10.719198197126387 13.80254837870598 14.07542936503887 22.815539985895157 7.304448425769805 136.35969147086143 9.38729629665613 6.9190837517380768 32.565449252724648 20.944620169699192 10.851876482367514 14.981542468070982 10.388226091861723 7.958309978246688 9.8999820426106435 10.272851586341856 13.954968452453612 13.411161065101622 10.081819877028463 12.897045239806173 21.128424540162086 14.530532062053679 60.261486500501633 6.6884171813726425 40.469537556171417 9.3462926149368268 100.93075606226921
leaf_count=666 40 72 86 45 58 58 96 35 1053 66 51 259 152 50 67 45 65 75 47 60 60 44 55 89 61 257 48 176 40 415
internal_value=-0.000902617 0.00055478 -0.00408777 0.00614634 0.00692039 0.00868116 0.00165189 -0.00812536 -0.0100792 -0.000455341 -0.00624025 -0.00296699 -0.00634257 0.00454646 0.00600096 0.00766111 -0.0107359 -0.00527844 -0.00228066 0.00113578 -0.00439625 0.00777526 0.00563075 0.00328499 0.00857618 0.00401441 0.00314714 -0.000394019 0.011106 0.00949841
internal_weight=718.112 685.561 374.713 310.848 294.509 220.252 74.2571 255.359 184.517 48.1575 38.7702 70.8422 53.5101 119.354 108.502 209.533 31.4658 23.5075 51.4415 41.1687 27.2137 99.5584 84.5768 71.6798 195.457 70.6497 13.6075 50.5514 124.808 110.277
internal_count=4391 3725 2411 1314 1242 921 321 1890 1393 340 274 497 411 521 471 876 239 174 225 178 118 431 364 309 818 302 99 220 516 455
cat_boundaries=0 1 2
cat_threshold=4 1
is_linear=0
shrinkage=0.03


Tree=64
num_leaves=31
num_cat=3
split_feature=0 0 3 4 5 5 6 5 6 3 6 6 5 6 3 3 3 5 5 3 5 6 6 5 3 5 5 5 3 5
split_gain=34.7121 16.4468 2.56997 1.86606 3.78084 4.80636 4.59531 4.52384 3.78375 3.56541 2.75279 4.91108 3.57763 2.65923 2.92809 2.41771 1.62216 1.99967 4.29934 3.85397 2.27964 1.60198 3.24583 3.84514 4.57857 2.30422 2.24759 5.74786 5.02542 3.01644
threshold=0 1 4859171.5000000009 2 105.50000000000001 95.500000000000014 891.50000000000011 115.50000000000001 577.50000000000011 3618779.5000000005 306.50000000000006 462.50000000000006 148.50000000000003 283.50000000000006 1829028.0000000002 3387718.0000000005 918942.50000000012 14.500000000000002 21.500000000000004 2726178.0000000005 31.500000000000004 694.50000000000011 717.50000000000011 154.50000000000003 260758.00000000003 102.50000000000001 6.5000000000000009 25.500000000000004 2749940.0000000005 32.500000000000007
decision_type=1 1 2 1 2 2 2 2 2 2 2 2 2 2 2 2 2 2 2 2 2 2 2 2 2 2 2 2 2 2
left_child=-1 21 3 16 5 8 7 -6 13 -10 12 -12 -9 14 -5 -15 -3 19 -19 -18 -20 26 -23 24 -24 -26 28 -28 -2 -29
right_child=1 2 -4 4 6 -7 -8 10 9 -11 11 -13 -14 15 -16 -17 17 18 20 -21 -22 22 23 -25 25 -27 27 29 -30 -31
leaf_value=-0.030599790435314102 -0.0084203540303990181 -0.0081789866609837426 -0.0073488412832105167 0.017341931577870114 -0.017494376684746002 0.028512364806732478 0.017900051783574442 -0.0008938277890301055 -0.00025534013438498508 0.01617358187923152 -0.01598718893256712 0.0053242307600199967 0.023855072822378223 0.026662470160062349 -0.00096168697784316832 0.0087760117355461607 0.024134817491257732 -0.016646257748574242 0.014103058292452238 -0.0023155845106072334 -0.0017221054850901567 -0.025097998588165641 0.015862394136219638 0.010022756069640983 -0.0052607952697937294 -0.015775802173406198 -0.011897807955513836 0.012497947906538987 0.024729360334756936 -0.0010530350278103501
leaf_weight=31.03849384188652 7.0090715363621694 11.18330144882202 10.936372831463812 14.339900732040407 9.6610996425151807 13.083666697144507 16.084938660264015 9.5820718854665774 44.002434358000755 15.274632379412649 12.383473023772238 34.6749167740345 10.461274743080137 20.946755960583687 15.940849006175993 11.830487370491026 9.4802088737487811 9.4826890528202039 13.886320158839228 9.104899123311041 17.794339597225189 6.291955590248107 6.901338852941989 13.824733950197695 76.724026128649712 24.715738266706467 43.418582774698734 15.169392593204973 7.8003637865185738 171.57619050145149
leaf_count=655 43 50 46 59 40 54 65 40 181 63 51 143 44 88 66 49 41 45 64 42 79 46 41 91 515 174 277 87 46 1096
internal_value=-7.92555e-05 0.00134926 0.00644501 0.00697201 0.00819176 0.0117343 0.0038279 0.000686949 0.00972323 0.00417618 0.00352309 -0.000499863 0.0125432 0.0147911 0.00798356 0.0206576 0.00162295 0.00382921 7.30317e-05 0.0117201 0.0054337 -0.00288868 -0.00559002 -0.00438967 -0.0063036 -0.00795176 -0.0014552 -0.00219813 0.00949991 0.00010842
internal_weight=714.605 683.566 310.135 299.198 228.267 135.419 92.8478 76.7628 122.335 59.2771 67.1017 47.0584 20.0433 63.058 30.2807 32.7772 70.9318 59.7485 41.1633 18.5851 31.6807 373.431 128.458 122.166 108.341 101.44 244.974 230.164 14.8094 186.746
internal_count=4381 3726 1310 1264 943 560 383 318 506 244 278 194 84 262 125 137 321 271 188 83 143 2416 867 821 730 689 1549 1460 89 1183
cat_boundaries=0 1 2 3
cat_threshold=4 1 2
is_linear=0
shrinkage=0.03


Tree=65
num_leaves=31
num_cat=5
split_feature=0 0 1 4 5 5 6 2 4 1 1 1 5 5 6 6 1 6 6 6 4 1 2 2 6 6 5 6 5 5
split_gain=35.1329 10.402 17.2492 6.65973 8.88187 4.64851 3.97576 3.83693 3.12237 3.32415 3.017 2.88422 2.4092 2.98457 4.19509 2.12442 1.97595 2.39778 2.62366 2.43717 1.90845 3.2588 3.45598 2.62406 1.90001 3.37902 2.30139 1.77948 1.75114 2.51218
threshold=0 1 7.5000000000000009 2 50.500000000000007 17.500000000000004 322.50000000000006 2.5000000000000004 3 6.5000000000000009 19.500000000000004 2.5000000000000004 3.5000000000000004 25.500000000000004 377.50000000000006 70.500000000000014 1.5000000000000002 824.50000000000011 435.50000000000006 196.50000000000003 4 21.500000000000004 1.5000000000000002 2.5000000000000004 708.50000000000011 832.50000000000011 122.50000000000001 762.50000000000011 166.50000000000003 110.50000000000001
decision_type=1 1 2 1 2 2 2 2 1 2 2 2 2 2 2 2 2 2 2 2 1 2 2 2 2 2 2 2 2 2
left_child=-1 2 3 4 -2 6 -5 15 -9 -10 -11 -6 -4 14 -14 -3 -7 18 19 -18 28 -22 -23 -24 -17 27 -27 -26 29 -15
right_child=1 7 12 5 11 16 -8 8 9 10 -12 -13 13 20 -16 24 17 -19 -20 -21 21 22 23 -25 25 26 -28 -29 -30 -31
leaf_value=-0.030540687201677602 0.027783787843937091 -0.0039461786090970331 0.010436243126775642 0.0052154667139078402 0.014712905877341751 -0.0047759166960187008 -0.01908555537752786 0.0069399521738433357 -0.015383262589683165 0.0074351881166726157 -0.010915473424291911 0.0010233649799052877 0.00017482286629710335 -0.0054455300050389481 -0.023766879273680715 0.010657814529156673 0.012113234028072833 -0.0061758065890191371 0.017978979761928325 -0.0092632021789716516 -0.017559400536081182 0.010001318498140132 -0.025650803316393852 0.00043953425356597193 0.0048499965369525186 0.005748435144398557 0.020686422019981637 -0.0097657242250964536 -0.015430681308567768 0.0049228671733101787
leaf_weight=30.521668244153261 22.387254163622856 12.554385498166083 5.5747235640883437 8.4306905418634432 20.436002105474472 17.813082993030548 17.701675087213516 25.439653679728508 16.917191684246063 20.8450767993927 11.784347653388975 39.615776680409908 9.3036950752139109 57.377719968557358 21.435730047523975 137.09084236621857 8.8140841424465197 9.3929781615734083 18.156739965081215 8.4196751564741117 36.69439821690321 9.6592897400259989 6.0088211596012098 6.8046881034970284 12.484440863132479 43.873898088932037 11.291049942374228 16.160299837589264 8.3070046529173833 31.942218258976936
leaf_count=661 99 54 40 40 84 82 93 106 79 89 51 195 74 454 185 573 41 51 87 41 296 74 50 58 52 185 46 68 66 254
internal_value=0.000415975 0.00186375 -0.0015681 0.00534942 0.0107743 -0.000859716 -0.0113424 0.0059088 1.83767e-06 -0.00417447 0.000680209 0.00584669 -0.00769564 -0.00828713 -0.0167434 0.00779804 0.00349088 0.00681157 0.0103335 0.00173436 -0.00653368 -0.010427 -0.00297129 -0.0127666 0.00848027 0.0048347 0.00911979 -0.00344693 -0.00275568 -0.00172418
internal_weight=703.239 672.717 364.276 171.168 82.439 88.7289 26.1324 308.441 74.9863 49.5466 32.6294 60.0518 193.108 187.534 30.7394 233.455 62.5966 44.7835 35.3905 17.2338 156.794 59.1672 22.4728 12.8135 220.901 83.8097 55.1649 28.6447 97.6269 89.3199
internal_count=4328 3667 2364 813 378 435 133 1303 325 219 140 279 1551 1511 259 978 302 220 169 82 1252 478 182 108 924 351 231 120 774 708
cat_boundaries=0 1 2 3 4 5
cat_threshold=4 1 13 12 7
is_linear=0
shrinkage=0.03


Tree=66
num_leaves=31
num_cat=4
split_feature=0 0 1 4 6 6 6 1 1 3 3 6 2 6 1 6 3 3 3 6 3 1 6 1 6 1 3 1 3 4
split_gain=33.729 11.3993 20.8899 4.60611 3.84851 3.1664 2.7548 3.72164 2.6639 3.7502 2.22855 2.0682 3.10792 4.06389 2.62726 2.10462 1.92895 4.8617 2.16314 1.83484 1.61819 1.60173 2.66283 3.37313 3.12437 2.61815 2.53452 4.83717 3.05127 2.10449
threshold=0 1 6.5000000000000009 2 377.50000000000006 75.500000000000014 701.50000000000011 1.5000000000000002 3.5000000000000004 2064474.5000000002 1676389.5000000002 131.00000000000003 2.5000000000000004 736.50000000000011 19.500000000000004 512.50000000000011 1146606.0000000002 918942.50000000012 730739.00000000012 779.50000000000011 4012107.5000000005 5.5000000000000009 717.50000000000011 11.500000000000002 201.50000000000003 24.500000000000004 2992659.5000000005 10.500000000000002 3948211.0000000005 3
decision_type=1 1 2 1 2 2 2 2 2 2 2 2 2 2 2 2 2 2 2 2 2 2 2 2 2 2 2 2 2 1
left_child=-1 2 3 6 -4 -3 7 -2 10 -10 -5 -7 21 14 15 -14 17 18 19 -6 -12 29 24 -24 -23 -25 -26 -28 -29 -13
right_child=1 5 4 8 16 11 -8 -9 9 -11 20 12 13 -15 -16 -17 -18 -19 -20 -21 -22 22 23 25 26 -27 27 28 -30 -31
leaf_value=-0.030463834927640567 -0.0097219430844367894 -0.0054102144259733087 -0.0021172782459907644 0.0059523520396988217 0.0024577975308920615 0.017288714937130516 -0.010119925061836121 0.0098725349558380446 0.014303180456533221 -0.0032083246010845747 0.023369758025270748 0.0081802373524482042 0.0056434065117616818 0.0093689525173069176 -0.017251121902971466 -0.010136863676096796 -0.012651325707704312 0.016241912552623194 -0.025252858016889961 -0.014063172789935329 0.0080666088936184044 -0.0018100238117598152 -0.0048966005260228139 0.015542356564871376 0.018790937928347868 -0.0011616612479581846 0.024737064439125329 -0.010110560243961881 0.010011378774606106 -0.0022929626705812975
leaf_weight=29.406366687268019 11.909981727600096 19.674309864640236 72.558977775275707 16.525174334645271 12.383285447955137 15.347935765981672 18.595328122377396 26.231030583381653 20.505516216158867 21.936631307005882 27.216484293341637 23.873354882001877 18.341238886117939 27.283969461917877 10.939671546220778 11.540793329477308 106.39939399063587 7.1528548970818511 5.5903013423085204 10.381996616721151 9.8223269283771497 11.796191483736036 21.689637288451195 23.544816762208939 50.650948286056519 12.67400151491165 9.8430293798446638 11.593829572200777 13.704367935657499 30.347275033593178
leaf_count=653 57 87 546 68 92 64 97 122 93 108 112 98 81 115 48 50 878 52 46 81 41 49 91 97 211 52 41 48 56 134
internal_value=0.000450977 0.00183054 -0.00175337 0.00669992 -0.00777692 0.00602941 -0.000811589 0.00366187 0.01014 0.00538668 0.0155969 0.00681289 0.00617424 0.00059394 -0.00535479 -0.000582016 -0.0106357 -0.00441486 -0.0100014 -0.00535123 0.0196303 0.00797502 0.00952103 0.00432022 0.012532 0.00982298 0.0145022 0.00797165 0.000755958 0.00344916
internal_weight=709.461 680.055 367.209 152.742 214.467 312.845 56.7363 38.141 96.0061 42.4421 53.564 293.171 277.823 68.1057 40.8217 29.882 141.908 35.5084 28.3556 22.7653 37.0388 209.717 155.497 57.9085 97.5884 36.2188 85.7922 35.1412 25.2982 54.2206
internal_count=4368 3715 2393 698 1695 1322 276 179 422 201 221 1235 1171 294 179 131 1149 271 219 173 153 877 645 240 405 149 356 145 104 232
cat_boundaries=0 1 2 3 4
cat_threshold=4 1 2 21
is_linear=0
shrinkage=0.03


Tree=67
num_leaves=31
num_cat=3
split_feature=0 0 1 4 5 5 3 6 3 6 6 5 5 1 5 1 1 5 3 3 3 6 5 5 3 3 5 3 6 6
split_gain=31.5533 10.8438 17.4275 4.272 5.62126 5.72797 3.71021 2.53145 4.63437 3.70321 3.55417 3.09033 4.68276 3.67419 3.07081 2.97612 2.89311 2.6009 2.40458 4.58008 5.87905 3.28844 3.02144 2.88247 3.40703 5.52855 2.32882 2.24455 6.18535 3.78367
threshold=0 1 7.5000000000000009 2 41.500000000000007 25.500000000000004 3786341.5000000005 743.50000000000011 1270187.5000000002 80.500000000000014 136.50000000000003 42.500000000000007 116.50000000000001 19.500000000000004 14.500000000000002 16.500000000000004 23.500000000000004 147.50000000000003 2064474.5000000002 1146606.0000000002 995244.00000000012 832.50000000000011 152.50000000000003 113.50000000000001 629400.00000000012 391405.00000000006 84.500000000000014 2698695.5000000005 210.50000000000003 632.50000000000011
decision_type=1 1 2 1 2 2 2 2 2 2 2 2 2 2 2 2 2 2 2 2 2 2 2 2 2 2 2 2 2 2
left_child=-1 2 3 -2 5 -5 27 8 -3 -10 -11 14 13 26 -12 -9 -17 -14 19 20 23 -20 -21 24 25 -4 -13 28 -6 -29
right_child=1 7 18 4 6 -7 -8 15 9 10 11 12 17 -15 -16 16 -18 -19 21 22 -22 -23 -24 -25 -26 -27 -28 29 -30 -31
leaf_value=-0.030383010255468825 -0.0016712906198265737 0.011253379040214277 -0.011009892922823807 0.0080152184921896113 0.023166405479273237 0.037159054521813749 -0.0081468120071162154 0.0055030365613758349 -0.01245261940451514 0.017303133730676608 0.0053333698129552397 0.0096610682865044262 -0.013832667953209716 -0.0007921409920684545 -0.010777290621455059 0.024819169781826564 0.0070242606761269635 0.0026109912180036078 -0.002440448983231164 -0.024449096456975294 0.019414999806468391 -0.014338623176516383 -0.0012322282582695378 -0.020738634965266688 -0.017413365663644282 0.021932110163042036 0.02777426737439706 0.0036920684627602084 -0.0017816147724044782 0.028027526594117721
leaf_weight=28.429533001035452 66.005852453410625 52.467306539416313 9.0666692107915932 14.998216420412065 10.567432537674902 10.109276697039602 15.552566163241861 62.319591343402863 15.512448355555533 12.338903233408926 15.606034860014914 18.08909730613232 12.825730055570601 15.694929406046866 29.485806182026863 17.504681825637817 16.769207060337067 22.48924520611763 85.13068987429142 28.238280519843102 6.1560090184211722 26.964643381536007 6.2293545305728903 13.841337956488131 9.4521107375621778 7.4744843393564215 10.690360412001608 12.6368744969368 38.907891593873501 10.124054349958895
leaf_count=650 336 220 71 68 46 44 75 263 69 52 67 76 53 66 130 72 69 93 686 238 45 226 51 111 77 59 44 58 178 46
internal_value=2.41401e-05 0.00135131 -0.00207882 0.00464971 0.00779032 0.0207235 0.0047771 0.00556613 0.00365108 0.000983294 0.0025813 0.00100081 0.00452994 0.0109048 -0.00520674 0.00955531 0.0165586 -0.00357749 -0.00832204 -0.0122712 -0.00586992 -0.00540404 -0.0204061 -0.0101572 -0.00396306 0.00427739 0.0170961 0.00763288 0.00390043 0.0152405
internal_weight=701.679 673.249 371.456 178.902 112.896 25.1075 87.7888 301.793 205.2 152.733 137.22 124.881 79.7894 44.4744 45.0918 96.5935 34.2739 35.315 192.554 80.4582 45.9906 112.095 34.4676 39.8346 25.9933 16.5412 28.7795 72.2363 49.4753 22.7609
internal_count=4339 3689 2415 851 515 112 403 1274 870 650 581 529 332 186 197 404 141 146 1564 652 363 912 289 318 207 130 120 328 224 104
cat_boundaries=0 1 2 3
cat_threshold=4 1 2
is_linear=0
shrinkage=0.03


Tree=68
num_leaves=31
num_cat=3
split_feature=0 0 1 4 1 6 5 6 6 5 6 5 5 6 5 5 1 2 6 6 2 1 1 1 5 5 1 6 5 5
split_gain=28.3461 7.64589 16.1481 3.23949 3.99535 6.7214 6.11738 3.21807 3.14976 3.96895 3.02883 2.7865 3.84609 5.50495 4.21734 4.04481 3.45224 3.61683 3.95572 3.66219 3.342 3.23002 3.06572 4.34448 2.61777 2.54588 2.31017 2.57807 4.92027 4.4604
threshold=0 1 7.5000000000000009 2 4.5000000000000009 302.50000000000006 90.500000000000014 522.50000000000011 316.50000000000006 29.500000000000004 347.50000000000006 141.50000000000003 35.500000000000007 942.50000000000011 51.500000000000007 72.500000000000014 11.500000000000002 1.5000000000000002 291.50000000000006 618.50000000000011 1.5000000000000002 23.500000000000004 17.500000000000004 10.500000000000002 13.500000000000002 43.500000000000007 26.500000000000004 543.50000000000011 87.500000000000014 115.50000000000001
decision_type=1 1 2 1 2 2 2 2 2 2 2 2 2 2 2 2 2 2 2 2 2 2 2 2 2 2 2 2 2 2
left_child=-1 2 3 8 6 -6 7 -5 9 -2 -8 12 16 14 25 20 17 18 -3 -20 -16 22 23 -13 -18 -14 27 28 -17 -29
right_child=1 11 -4 4 5 -7 10 -9 -10 -11 -12 21 13 -15 15 26 24 -19 19 -21 -22 -23 -24 -25 -26 -27 -28 29 -30 -31
leaf_value=-0.030286786550159164 0.017715618339967466 -0.011870398925609048 -0.0083634971980029883 0.010097219917265631 0.018337349831908756 -0.0087666786372023135 -0.010081829135260659 0.028367712046564748 -0.006211462148272914 -0.0065278530948481728 0.0081930088181514579 0.0053886817155026981 0.0079951946297752204 0.02294193207874369 0.0035184917988822788 0.015762066855695353 0.018666886985651374 -0.0099846072317383485 0.022811514304513465 0.00060064248810136897 -0.017897012728121494 -0.015137714574274637 0.014377836630391903 -0.017599964070948947 0.0017669961569743912 0.025798925870958639 0.01948439522857159 0.00085964802163971342 -0.0084896799865020849 0.022744015183474037
leaf_weight=27.040307059884071 12.90721406042576 10.066718518733976 194.42471764981747 18.348978087306023 10.836295992136 26.063941024243832 10.83037595450878 18.984749585390091 43.892875880002975 10.06979864835739 25.535127535462379 18.917043641209606 19.24213765561581 19.13128025829792 12.447559848427774 9.6085789650678617 12.851362287998198 33.500710442662239 10.032136619091036 17.082473039627075 12.245047226548193 12.249086827039717 11.453795969486235 10.821374773979185 20.982509478926659 12.119129255414007 9.5194051414728147 20.103981524705887 24.981923788785934 13.477419242262838
leaf_count=636 62 45 1593 76 52 146 48 78 228 49 105 78 83 80 52 40 54 153 43 74 51 52 47 44 87 51 40 83 104 55
internal_value=-0.000724467 0.000488971 -0.00241077 0.00412099 0.00690964 -0.000533363 0.0115185 0.0198857 -0.00134503 0.00726166 0.00262624 0.00395495 0.00524596 0.00826269 0.00600826 0.00299161 0.000796878 -0.00297594 0.00343504 0.00933752 -0.00738468 -0.0022452 0.00185649 -0.00327698 0.00853781 0.0154598 0.00634143 0.00425103 -0.00149942 0.0100463
internal_weight=709.768 682.728 371.894 177.469 110.599 36.9002 73.6992 37.3337 66.8699 22.977 36.3655 310.834 257.392 152.876 133.745 102.384 104.516 70.682 37.1813 27.1146 24.6926 53.4413 41.1922 29.7384 33.8339 31.3613 77.6913 68.1719 34.5905 33.5814
internal_count=4389 3753 2437 844 505 198 307 154 339 111 153 1316 1095 639 559 425 456 315 162 117 103 221 169 122 141 134 322 282 144 138
cat_boundaries=0 1 2 3
cat_threshold=4 1 2
is_linear=0
shrinkage=0.03


Tree=69
num_leaves=31
num_cat=4
split_feature=0 0 4 3 3 6 6 5 6 6 6 5 5 5 5 5 5 4 5 3 6 2 3 3 3 6 3 3 6 6
split_gain=29.0424 10.2723 3.22833 3.30582 4.48971 2.16776 3.53563 2.30616 3.57413 2.10042 2.22701 2.09171 4.22881 2.15497 6.13971 4.68928 2.569 1.93295 4.43394 2.86046 4.03286 3.47262 3.54907 3.21219 2.76476 2.86584 2.83065 4.97407 2.48639 2.44134
threshold=0 1 2 3639158.5000000005 2992659.5000000005 891.50000000000011 840.50000000000011 67.500000000000014 1002.0000000000001 426.50000000000006 817.50000000000011 105.50000000000001 128.50000000000003 72.500000000000014 57.500000000000007 34.500000000000007 14.500000000000002 3 168.50000000000003 918942.50000000012 296.50000000000006 1.5000000000000002 564154.50000000012 1612707.0000000002 1104928.0000000002 522.50000000000011 2898611.5000000005 3415863.5000000005 164.50000000000003 210.50000000000003
decision_type=1 1 1 2 2 2 2 2 2 2 2 2 2 2 2 2 2 1 2 2 2 2 2 2 2 2 2 2 2 2
left_child=-1 17 3 4 9 6 11 -7 -9 -3 -11 13 -13 14 15 16 -4 18 24 21 23 22 -19 -21 25 -2 29 -28 -25 -26
right_child=1 2 5 -5 -6 7 -8 8 -10 10 -12 12 -14 -15 -16 -17 -18 19 -20 20 -22 -23 -24 28 26 -27 27 -29 -30 -31
leaf_value=-0.030246982355698632 -0.00090327711971068176 0.0069683608003612276 0.0125839648371039 0.0083331516901164956 -0.024297683412116237 0.0049369549939593102 -0.0099267116150080336 0.029502334520013173 0.0052072069537360309 -0.013900115286391576 0.0033531944637569641 -0.0092281788047052487 0.0066227583946030051 0.015079414264111669 -0.0095605478403805073 0.021017650651917835 -0.0034239740832285037 0.0099107002265363085 -0.018143410746730884 0.019135484071724111 -0.0058131880621065867 -0.020215556636382786 -0.016843143557842482 -0.0062591566392264297 0.0054282306951164124 0.015648738533198654 0.016612092563685593 -0.001665820269409012 0.008590168689369836 -0.0096711497900549438
leaf_weight=26.923944413661957 16.549234479665756 16.671487763524055 14.929751560091971 22.632464349269867 8.1365706920623762 19.319582611322403 11.864761531352995 12.355841919779779 10.072342202067373 14.253726854920389 11.480955392122267 19.424021139740944 58.031528204679489 35.480454966425896 16.771512225270271 22.507409632205963 20.067365452647209 9.4707521498203295 10.200354136526583 9.4963865652680379 116.71236541122198 19.716216042637825 6.7872424200177184 21.571626648306847 11.949992433190344 20.523797169327736 17.190566256642342 50.30866052955389 17.441224455833435 39.254083752632141
leaf_count=649 105 75 62 99 41 80 49 51 41 65 52 80 240 148 70 95 82 56 71 55 772 129 44 135 76 132 112 337 106 278
internal_value=-0.00026 0.000967864 0.0049437 -0.000856556 -0.00521962 0.00647024 0.00538476 0.012913 0.0192795 -0.00108363 -0.00636542 0.00640272 0.00258076 0.00905224 0.00601108 0.0106384 0.00356488 -0.0024364 8.73588e-05 -0.00430016 -0.00280527 -0.0120673 -0.00158704 0.00440296 0.00139481 0.00843034 -0.000854574 0.00316372 0.000428209 -0.00611078
internal_weight=708.096 681.172 314 73.1752 50.5427 240.825 199.077 41.7478 22.4282 42.4062 25.7347 187.212 77.4555 109.756 74.276 57.5045 34.9971 367.173 165.977 201.196 165.222 35.9742 16.258 48.5092 155.776 37.073 118.703 67.4992 39.0129 51.2041
internal_count=4387 3738 1330 332 233 998 826 172 92 192 117 777 320 457 309 239 144 2408 1111 1297 1068 229 100 296 1040 237 803 449 241 354
cat_boundaries=0 1 2 3 4
cat_threshold=4 1 2 5
is_linear=0
shrinkage=0.03


Tree=70
num_leaves=31
num_cat=2
split_feature=0 0 1 3 2 6 6 3 3 6 3 1 1 5 3 3 3 5 5 1 6 3 3 5 6 6 6 3 3 3
split_gain=29.1321 9.98769 14.2446 6.76162 3.8372 5.52774 3.2947 3.11804 2.87038 3.4651 5.73473 2.41734 4.05672 2.40451 2.23245 2.21566 2.05301 2.67468 6.28757 3.03101 2.75665 2.43669 2.94578 2.34412 3.17864 1.98896 1.89207 2.57915 1.85354 3.29541
threshold=0 1 7.5000000000000009 4605662.5000000009 3.5000000000000004 458.50000000000006 928.50000000000011 354741.50000000006 466807.00000000006 667.50000000000011 1509817.5000000002 8.5000000000000018 22.500000000000004 6.5000000000000009 3597990.0000000005 1358864.5000000002 4605662.5000000009 117.50000000000001 137.50000000000003 20.500000000000004 75.500000000000014 960669.00000000012 1375009.5000000002 33.500000000000007 377.50000000000006 96.500000000000014 266.50000000000006 3292838.5000000005 331706.00000000006 650945.50000000012
decision_type=1 1 2 2 2 2 2 2 2 2 2 2 2 2 2 2 2 2 2 2 2 2 2 2 2 2 2 2 2 2
left_child=-1 2 3 4 7 -6 8 -2 -3 13 -11 14 -13 -10 -12 -8 17 20 -19 -20 -15 -22 -23 24 -24 -9 -25 -28 -4 -30
right_child=1 6 28 -5 5 -7 15 25 9 10 11 12 -14 16 -16 -17 -18 18 19 -21 21 22 23 26 -26 -27 27 -29 29 -31
leaf_value=-0.030191168767440199 0.020518625359374546 0.014040859534035543 -0.018253878720428794 -0.015710808349323459 -0.022576858922301612 0.0077542385597404234 0.0020929406701677244 -0.0054533737031261537 -0.0067504538808833168 -0.01835194231426664 -0.013276191370232162 0.01469599455831053 -0.0074591433943403708 -0.0032700584416211365 0.004822165870125023 0.016973680761763445 -0.0039588381129179373 -0.016000637485201766 0.015473116798868638 -0.0039329005633951192 -0.0016465228816473128 0.028713498914501676 0.013377363314861343 0.0054577115381619799 -0.0070468612852265106 0.0070542308773018075 0.027131079204523633 0.0082342044707733215 0.0070934925880210744 -0.0080482081511850309
leaf_weight=26.563250258564949 13.860120087862013 22.248558655381203 13.424407593905924 13.449646443128584 9.0230180919170397 10.94456475228071 12.91741296648979 11.917580381035803 13.005539283156393 15.142966523766516 12.685190215706827 20.929320424795154 10.498721837997435 11.820663109421728 10.386866420507429 31.289471507072449 15.220834165811537 12.529025703668593 19.008136034011844 10.821362316608427 10.308185383677481 9.673970162868498 13.539911434054376 13.057363495230673 12.102495610713957 118.98264952749014 16.673315048217777 12.18522924184799 13.288818277418612 162.55901167541742
leaf_count=659 62 93 107 69 43 52 54 54 57 63 56 87 44 52 44 132 65 52 78 46 44 41 59 55 54 565 71 51 106 1345
internal_value=3.93224e-05 0.00127463 -0.00205763 0.00401929 0.00571529 -0.00637495 0.00526916 0.00741525 0.00395936 0.00296871 -0.00264046 0.00197702 0.00729315 0.00526931 -0.0052666 0.012768 0.00630182 0.00742384 0.00107529 0.0085339 0.0100926 0.0119135 0.0137213 0.011187 0.00383502 0.00588279 0.0154905 0.0196951 -0.0077694 -0.00687031
internal_weight=700.058 673.494 367.45 178.178 164.728 19.9676 306.045 144.76 261.838 239.589 69.6431 54.5001 31.428 169.946 23.0721 44.2069 156.94 141.72 42.3585 29.8295 99.3611 87.5405 77.2323 67.5583 25.6424 130.9 41.9159 28.8585 189.272 175.848
internal_count=4360 3701 2403 845 776 95 1298 681 1112 1019 294 231 131 725 100 186 668 603 176 124 427 375 331 290 113 619 177 122 1558 1451
cat_boundaries=0 1 2
cat_threshold=4 1
is_linear=0
shrinkage=0.03


Tree=71
num_leaves=31
num_cat=1
split_feature=1 5 6 6 4 5 6 3 6 3 3 1 3 3 6 6 6 6 3 1 1 5 3 6 1 3 6 5 6 5
split_gain=8.90437 7.23038 4.56024 3.86855 3.3512 5.31 4.88646 4.87683 3.80942 6.55335 3.95839 4.04477 4.01553 3.69552 3.33697 5.77859 4.61747 3.47671 3.44035 3.34625 5.94802 3.0714 2.6397 6.14161 2.46974 3.03022 2.54389 4.80147 2.43555 2.22365
threshold=4.5000000000000009 3.5000000000000004 908.50000000000011 1032.5000000000002 0 127.50000000000001 458.50000000000006 1226936.5000000002 225.50000000000003 2874836.5000000005 2749940.0000000005 1.5000000000000002 3455427.5000000005 871020.00000000012 798.50000000000011 743.50000000000011 568.50000000000011 529.50000000000011 2338434.5000000005 19.500000000000004 15.500000000000002 28.500000000000004 2874836.5000000005 296.50000000000006 21.500000000000004 524990.00000000012 1051.5000000000002 85.500000000000014 769.50000000000011 151.50000000000003
decision_type=2 2 2 2 1 2 2 2 2 2 2 2 2 2 2 2 2 2 2 2 2 2 2 2 2 2 2 2 2 2
left_child=2 -2 4 21 8 7 -7 -6 9 -1 13 -12 -13 -10 15 16 17 29 -19 20 -18 -4 -9 -24 25 -16 -27 -28 -17 -3
right_child=1 14 3 -5 5 6 -8 22 10 -11 11 12 -14 -15 24 28 19 18 -20 -21 -22 -23 23 -25 -26 26 27 -29 -30 -31
leaf_value=-0.0048834669753437957 0.015845078152317893 -0.0027848921212632978 0.0066416142499842509 0.0019778385237744348 -0.0048049171033733365 -0.018301364694725701 0.0097895427928647739 0.029042355775141505 -0.012902888475344314 0.025155276878571494 -0.025544631966727741 -0.018966902418480897 0.0082776665923436563 0.0081704244799150651 0.0038549676319096786 0.021027881182579495 -0.0093617091823785838 0.025779374118570363 -0.00085510368082718268 -0.018202015357989734 0.015523932457902137 0.031705479930147516 -0.0084646278252557827 0.024857847137819647 -0.0003137827534579052 -0.01397004745048803 -0.015107153023717675 0.018661213381929748 0.0031073002271711763 0.0053972263557614192
leaf_weight=13.97552301362157 18.003465216606855 202.7432811409235 7.433442901819947 12.51204105094075 8.6674228459596616 9.5189272463321704 10.922205142676829 15.077585674822329 9.5952671840786916 10.856923557817934 11.88390711322427 7.4134316258132484 10.636482819914816 24.659648407250643 12.563097544014452 12.074670400470497 44.624531865119934 7.6123839020729092 8.723972447216509 23.502573128789663 9.718195438385008 12.687738738954065 7.7665647007524994 11.136656422168015 35.200277481228113 69.094157613813877 7.3024776913225633 5.9722380340099335 15.146743368357418 34.085462514311075
leaf_count=68 107 1324 39 57 44 49 50 69 50 56 63 37 56 122 79 79 293 52 57 177 64 61 38 55 248 489 53 44 106 237
internal_value=-0.000265667 -0.00232269 0.0053546 0.0153632 0.00312109 0.00772267 -0.00353516 0.0148452 -0.000942761 0.00871508 -0.00490005 -0.0126841 -0.00332042 0.00206895 -0.00302345 -0.00151979 -0.0026236 -0.000646556 0.0123271 -0.00896352 -0.00471128 0.0231989 0.0198514 0.0114296 -0.0071196 -0.00961358 -0.0116894 0.000328106 0.0115198 -0.00158954
internal_weight=691.111 506.368 184.744 32.6332 152.111 63.0894 20.4411 42.6482 89.0212 24.8324 64.1887 29.9338 18.0499 34.2549 488.364 358.232 331.01 253.165 16.3364 77.8453 54.3427 20.1212 33.9808 18.9032 130.132 94.932 82.3689 13.2747 27.2214 236.829
internal_count=4323 3409 914 157 757 305 99 206 452 124 328 156 93 172 3302 2389 2204 1670 109 534 357 100 162 93 913 665 586 97 185 1561
cat_boundaries=0 1
cat_threshold=3
is_linear=0
shrinkage=0.03


Tree=72
num_leaves=31
num_cat=4
split_feature=0 0 1 2 5 4 5 6 5 5 6 5 4 6 1 2 1 5 5 5 5 1 1 5 5 5 1 5 5 2
split_gain=26.6787 6.67281 8.96527 3.98593 4.21017 3.69747 5.60056 5.3999 7.00249 2.88703 2.96803 3.18131 2.62214 2.03611 1.95763 1.58653 3.10625 4.5045 2.65261 2.54627 1.85076 2.18841 1.52142 2.26599 1.7308 3.68394 3.35626 2.16987 3.56432 2.06721
threshold=0 1 7.5000000000000009 3.5000000000000004 31.500000000000004 2 41.500000000000007 225.50000000000003 21.500000000000004 3.5000000000000004 950.50000000000011 137.50000000000003 3 146.50000000000003 1.5000000000000002 1.5000000000000002 23.500000000000004 158.50000000000003 116.50000000000001 138.50000000000003 158.50000000000003 4.5000000000000009 28.500000000000004 83.500000000000014 123.50000000000001 144.50000000000003 15.500000000000002 113.50000000000001 105.50000000000001 1.5000000000000002
decision_type=1 1 2 2 2 1 2 2 2 2 2 2 1 2 2 2 2 2 2 2 2 2 2 2 2 2 2 2 2 2
left_child=-1 2 3 5 -5 7 -7 -2 -9 -4 22 -12 -3 -8 -10 20 17 19 -18 -17 21 -14 24 -24 27 26 -26 28 -11 -28
right_child=1 12 9 4 -6 6 13 8 14 10 11 -13 15 -15 -16 16 18 -19 -20 -21 -22 -23 23 -25 25 -27 29 -29 -30 -31
leaf_value=-0.030083989026422991 0.013248691282937392 -0.0010644077013439539 0.012948344381659082 0.0067576357158413728 -0.019497861605150917 0.02462816789063732 0.017991375375527779 -0.018784796677622961 -0.0077085141479270435 -0.0070073080913403592 -0.022974676276529916 0.0010966448611166605 -0.00086729692770539258 0.0029899903451748241 0.0069907476954681521 0.0054760363681036128 0.0015302303856666504 0.022718513235729387 -0.017796953058202423 -0.0093663934127459162 -0.0016719266000680953 0.011840823015058332 -0.00031765172519584935 -0.026226117895650387 -0.0065983741182727091 -0.0059735694716418 0.0054114343597507861 -0.02225393876591085 0.014866726266684767 0.032571440872320549
leaf_weight=24.986235570162535 18.210189461708069 70.176377356052399 5.8505140319466582 8.632308244705202 12.416706092655657 16.918812185525894 8.7925676554441434 20.353751957416534 10.636094301939009 89.128012776374817 17.664144158363346 6.6007490307092658 14.176924064755438 52.222285933792591 26.622210174798965 72.167810201644897 17.195826202631 11.585376590490339 9.0408543795347196 11.196882143616675 13.830308765172957 80.857777431607246 5.1987731605768186 6.3954324871301651 5.5014728829264632 28.936105012893677 5.0041614025831205 6.6058543995022765 6.3142260834574691 5.2917797043919563
leaf_count=638 84 318 42 44 61 76 39 104 48 739 158 54 59 240 133 298 71 48 40 46 56 337 43 53 45 236 39 57 52 44
internal_value=-0.000264726 0.000901755 -0.00183137 0.00305398 -0.00891221 0.00473914 0.00873261 -0.000497719 -0.00507955 -0.0063542 -0.00703966 -0.0166424 0.00420411 0.00540703 0.00270276 0.00561208 0.00344961 0.00596508 -0.00553859 0.00339513 0.00847682 0.00995578 -0.00547323 -0.0155566 -0.00457687 0.000343269 0.0115806 -0.00671605 -0.00542103 0.0210185
internal_weight=688.511 663.524 363.296 174.805 21.049 153.756 77.9337 75.8222 57.6121 188.491 182.641 24.2649 300.228 61.0149 37.2583 230.052 121.187 94.9501 26.2367 83.3647 108.865 95.0347 158.376 11.5942 146.782 44.7335 15.7974 102.048 95.4422 10.2959
internal_count=4302 3664 2391 829 105 724 355 369 285 1562 1520 212 1273 279 181 955 503 392 111 344 452 396 1308 96 1212 364 128 848 791 83
cat_boundaries=0 1 2 3 4
cat_threshold=4 1 18 2
is_linear=0
shrinkage=0.03


Tree=73
num_leaves=31
num_cat=4
split_feature=0 0 1 1 2 4 5 5 5 6 6 6 5 6 6 1 6 6 5 5 5 1 2 6 6 5 5 5 4 6
split_gain=27.3498 9.59354 12.7913 3.92627 3.62576 3.48917 3.70981 3.65558 3.26674 3.13519 5.93757 6.14353 4.24186 2.8641 2.41937 2.38128 3.49206 3.89585 2.80851 4.86662 2.24754 2.96934 2.20562 2.78874 4.39987 2.12956 2.63078 2.1157 3.06929 3.65134
threshold=0 1 7.5000000000000009 28.500000000000004 3.5000000000000004 2 59.500000000000007 21.500000000000004 28.500000000000004 908.50000000000011 723.50000000000011 330.50000000000006 118.50000000000001 568.50000000000011 215.50000000000003 24.500000000000004 803.50000000000011 538.50000000000011 42.500000000000007 47.500000000000007 150.50000000000003 9.5000000000000018 2.5000000000000004 762.50000000000011 942.50000000000011 127.50000000000001 40.500000000000007 98.500000000000014 3 164.50000000000003
decision_type=1 1 2 2 2 1 2 2 2 2 2 2 2 2 2 2 2 2 2 2 2 2 2 2 2 2 2 2 1 2
left_child=-1 2 4 15 27 6 13 -7 -9 10 11 14 -12 -3 -8 18 17 -17 -4 -20 21 -13 23 25 -25 26 -10 28 29 -2
right_child=1 5 3 -5 -6 7 9 8 22 -11 12 20 -14 -15 -16 16 -18 -19 19 -21 -22 -23 -24 24 -26 -27 -28 -29 -30 -31
leaf_value=-0.030039356375992438 0.016250057352573465 0.022685486140680455 -0.013212402958467514 -0.022303412010614927 -0.0073285204826842951 -0.0056582157019750123 0.0043314119796619291 0.017077348324098046 -4.6846193725802725e-05 0.019063929374907661 -0.022454698169194945 0.006613330552773574 0.003317285376233989 0.0074685725029939492 -0.011920811184852251 0.0036419147295692926 0.017169084731950623 -0.024558520490212218 0.02069551200066665 -0.0061898136187620353 0.003207598865752866 0.027078955160148372 -0.0057001817515385913 -0.014744425758460767 0.010652819975311907 -0.0017285859343868601 0.018242952806622411 4.7885192721695942e-05 0.011990596755970556 -0.0025619623579334412
leaf_weight=24.897178281098604 10.717412188649176 24.759325340390205 50.480247780680656 13.672432728111742 21.658824302256107 42.833262696862221 21.548325628042221 15.155626475811003 9.9054730683565122 12.768566325306891 10.660918429493906 10.838500648736956 10.8933058232069 22.138160452246666 12.019725650548933 13.773040041327482 8.3010700270533544 5.3473345860838881 5.5198113098740569 90.611022964119911 10.228061541914938 17.98699314892292 21.98807068169117 12.618225768208505 10.235619083046911 11.538299039006231 23.751191481947899 44.637260563671589 53.924517415463924 43.867706947028637
leaf_count=655 51 104 429 115 106 191 90 68 43 53 44 45 45 92 50 110 69 46 44 748 42 75 98 53 43 47 99 208 242 226
internal_value=0.000207849 0.00138479 -0.00190328 -0.00732326 0.0039252 0.00532665 0.00829996 0.00154119 0.00464353 0.00566041 0.00366192 0.00775473 -0.00986019 0.0158082 -0.00166453 -0.00602568 0.00202706 -0.00507341 -0.00753536 -0.00444889 0.0156904 0.0198635 0.00238598 0.00504351 -0.00339995 0.00929431 0.0130141 0.00555398 0.00779788 0.00115055
internal_weight=689.276 664.378 362.511 187.705 174.806 301.868 153.842 148.026 105.193 106.944 94.1758 72.6216 21.5542 46.8975 33.5681 174.033 27.4214 19.1204 146.611 96.1308 39.0536 28.8255 90.0369 68.0488 22.8538 45.195 33.6567 153.147 108.51 54.5851
internal_count=4331 3676 2394 1561 833 1282 640 642 451 444 391 302 89 196 140 1446 225 156 1221 792 162 120 383 285 96 189 142 727 519 277
cat_boundaries=0 1 2 3 4
cat_threshold=4 1 28 2
is_linear=0
shrinkage=0.03


Tree=74
num_leaves=31
num_cat=4
split_feature=0 0 1 4 4 6 3 6 3 3 5 1 1 6 6 3 5 1 1 5 6 3 3 1 1 3 3 5 5 3
split_gain=26.647 6.83463 9.02142 3.69862 3.15164 4.26 3.06347 2.98452 2.80562 3.89353 3.86484 2.38329 3.33778 2.75482 2.27874 2.15182 2.20838 3.55275 2.85598 2.12098 2.00496 1.95873 4.38818 3.85887 2.12782 4.57485 3.38602 3.32029 3.17953 2.97151
threshold=0 1 6.5000000000000009 2 3 588.50000000000011 871020.00000000012 174.50000000000003 3786341.5000000005 3273022.5000000005 87.500000000000014 28.500000000000004 27.500000000000004 1051.5000000000002 954.50000000000011 4629665.5000000009 105.50000000000001 5.5000000000000009 12.500000000000002 84.500000000000014 817.50000000000011 1524620.0000000002 2064474.5000000002 17.500000000000004 11.500000000000002 3506744.0000000005 4184146.0000000005 62.500000000000007 85.500000000000014 4062759.5000000005
decision_type=1 1 2 1 1 2 2 2 2 2 2 2 2 2 2 2 2 2 2 2 2 2 2 2 2 2 2 2 2 2
left_child=-1 2 4 -3 5 7 -5 -2 9 -6 -10 12 13 14 21 16 19 -18 -19 -8 -7 23 -23 -4 25 27 -26 -24 -28 -27
right_child=1 3 11 6 8 20 15 -9 10 -11 -12 -13 -14 -15 -16 -17 17 18 -20 -21 -22 22 24 -25 26 29 28 -29 -30 -31
leaf_value=-0.029997999602999245 -0.0076264372847427769 -0.0016195476291139741 -0.0069545781010213912 0.013827866557624476 0.006999473046162258 -0.021694972640959102 0.0062123403906840955 0.011206165243251156 0.0097924651746444259 0.026682262320451601 -0.01484441478158436 -0.017140256415491207 0.014252883988909384 0.011114785507152131 -0.016913701877620146 -0.0048051099049334738 -0.012031070520751027 0.014731458341151015 0.00046975339030018871 0.016830125551800496 -0.0038890289158046536 -0.021832327614313467 0.022863714863599754 0.0093685585616088193 -0.012879338175264149 -0.020675997281245001 -0.010728684821864405 -0.0030834444232379033 0.015599732321548329 0.0016946601737439111
leaf_weight=24.769069444388151 10.874598383903505 73.072253987193108 31.898388020694256 39.916294187307358 70.103768289089203 9.8335021734237689 81.279354587197304 20.359321370720863 10.586104691028597 9.6787815392017347 10.378490984439848 14.582726024091242 6.9769054055213919 7.5634050592780104 16.057163722813129 18.495175704360008 12.859643235802649 17.233282029628754 41.402232393622398 21.350709140300751 13.142740428447722 15.549648776650427 9.3355390951037425 20.590199001133442 41.560572080314159 9.0060312226414698 6.7224776297807676 7.407619781792163 7.9520045295357704 11.171585232019423
leaf_count=670 51 331 240 165 305 50 339 96 47 43 49 125 56 63 139 76 54 70 172 89 71 138 73 163 352 66 59 57 64 87
internal_value=-6.32856e-05 0.00109169 -0.0016997 0.00438682 0.00375701 -0.0021659 0.00608203 0.00461611 0.0065073 0.00968802 -0.00252454 -0.00579527 -0.00484823 -0.00564213 -0.0064155 0.00472787 0.00576209 0.00167977 0.00483808 0.00856231 -0.0120967 -0.0052719 -0.00755246 -0.000495907 -0.00496229 0.000636232 -0.00858486 0.0118572 0.00362352 -0.00879504
internal_weight=691.71 666.941 361.332 305.609 154.957 54.2102 232.537 31.2339 100.747 79.7825 20.9646 206.374 191.792 184.815 177.251 192.62 174.125 71.4952 58.6355 102.63 22.9762 161.194 108.705 52.4886 93.1558 36.9208 56.2351 16.7432 14.6745 20.1776
internal_count=4360 3690 2394 1296 712 268 965 147 444 348 96 1682 1557 1501 1438 800 724 296 242 428 121 1299 896 403 758 283 475 130 123 153
cat_boundaries=0 1 2 3 4
cat_threshold=4 1 2 2
is_linear=0
shrinkage=0.03


Tree=75
num_leaves=31
num_cat=4
split_feature=0 0 1 4 5 5 6 6 5 4 2 1 1 6 5 6 6 5 6 6 5 5 6 5 5 6 6 1 5 1
split_gain=25.3204 7.99195 13.9952 4.72294 5.4726 4.57997 3.63996 3.45604 3.16584 3.14804 3.33201 3.33234 5.44922 2.82552 2.55203 2.34213 3.77009 4.2619 2.78749 2.54948 2.91695 2.23553 2.0006 4.60056 3.06237 2.29206 2.95011 1.95197 1.8389 1.67531
threshold=0 1 4.5000000000000009 2 99.500000000000014 34.500000000000007 296.50000000000006 249.50000000000003 155.50000000000003 3 1.5000000000000002 18.500000000000004 11.500000000000002 622.50000000000011 40.500000000000007 908.50000000000011 762.50000000000011 114.50000000000001 322.50000000000006 131.00000000000003 106.50000000000001 3.5000000000000004 131.00000000000003 14.500000000000002 32.500000000000007 407.50000000000006 593.50000000000011 13.500000000000002 77.500000000000014 13.500000000000002
decision_type=1 1 2 1 2 2 2 2 2 1 2 2 2 2 2 2 2 2 2 2 2 2 2 2 2 2 2 2 2 2
left_child=-1 2 3 5 13 -2 7 8 27 14 22 12 -12 -5 -3 16 18 -18 19 -16 -21 -8 -11 -24 -25 -26 -27 -4 -29 -23
right_child=1 9 6 4 -6 -7 21 -9 -10 10 11 -13 -14 -15 15 -17 17 -19 -20 20 -22 29 23 24 25 26 -28 28 -30 -31
leaf_value=-0.029913094893328149 0.0032814942641906293 0.015164858430750112 -0.00019946447070687978 0.011807608083947622 0.003071229152152067 -0.018462395096294194 0.008066283073604805 0.015264033669554571 0.014281511222332526 -0.0066605413415701245 -0.0041770682402491521 -0.01544412890242736 0.019487910536862555 0.029239136668856493 0.010125684227837987 0.016300380889052363 -0.020388663628725108 0.0063790746524748729 0.01112599467118465 0.0057999521894330289 -0.015415083359424819 -0.0059272836522696656 0.024013017830996516 -0.0057052580989542419 0.020354302205192965 -0.0090495452090253725 0.010884637490468195 -0.02100796932926376 -0.0041470756343392574 -0.011983867670335461
leaf_weight=23.731375265866518 34.118763074278831 32.970621466636658 27.329097308218479 21.597903355956078 33.870625302195549 10.614574298262594 6.4718308970332137 10.012630462646483 7.2714758589863768 9.8804977387189847 49.331051543354988 15.14741265773773 9.6018353551626188 15.742329001426695 13.334431305527685 15.538569584488867 9.9781487733125704 9.7372265607118589 51.725356504321098 9.8423440307378787 11.991179734468458 86.378177009522915 11.226606130599974 19.806030377745628 9.8365330696105939 9.5020180046558398 17.639771968126297 10.02834362536669 13.671021252870558 84.793894603848457
leaf_count=660 160 137 172 89 143 52 45 71 52 43 223 64 41 65 56 65 41 40 217 41 50 637 48 88 41 40 73 82 111 728
internal_value=-0.000103259 0.000997266 -0.00202114 0.00653528 0.0105029 -0.00177974 -0.00606478 -0.000172397 -0.0030362 0.00454943 0.00109118 -0.00336988 -6.05447e-05 0.0197275 0.00736707 0.00575443 0.00408012 -0.0074986 0.00676266 0.000214855 -0.00601638 -0.00831704 0.00546121 0.00729323 0.00362927 0.00864753 0.00383233 -0.00573101 -0.0118434 -0.00897973
internal_weight=692.722 668.99 361.901 115.944 71.2109 44.7333 245.956 68.3126 58.2999 307.09 151.972 74.0803 58.9329 37.3402 155.118 122.147 106.609 19.7154 86.8933 35.168 21.8335 177.644 77.8915 68.011 56.7844 36.9783 27.1418 51.0285 23.6994 171.172
internal_count=4375 3715 2407 509 297 212 1898 488 417 1308 661 328 264 154 647 510 445 81 364 147 91 1410 333 290 242 154 113 365 193 1365
cat_boundaries=0 1 2 3 4
cat_threshold=4 1 2 28
is_linear=0
shrinkage=0.03


Tree=76
num_leaves=31
num_cat=2
split_feature=0 0 1 3 1 1 2 6 2 6 6 3 3 6 6 6 3 1 3 3 1 3 3 6 6 6 3 6 6 3
split_gain=24.6634 4.9415 12.5932 3.99709 2.89097 3.12832 2.36552 2.34818 2.53827 3.16757 4.76247 2.48736 2.46575 2.18637 3.56504 7.40029 3.10417 2.67646 2.51817 2.24416 3.05279 2.18552 2.3514 2.1811 1.88152 2.59216 2.3486 1.81777 5.43597 2.85701
threshold=0 1 7.5000000000000009 664184.50000000012 5.5000000000000009 4.5000000000000009 1.5000000000000002 44.500000000000007 1.5000000000000002 694.50000000000011 875.50000000000011 1358864.5000000002 564154.50000000012 359.50000000000006 588.50000000000011 649.50000000000011 2404769.5000000005 4.5000000000000009 4162395.5000000005 2663723.5000000005 3.5000000000000004 2271099.5000000005 3292838.5000000005 848.50000000000011 946.50000000000011 225.50000000000003 2749940.0000000005 558.50000000000011 525.50000000000011 4460811.5000000009
decision_type=1 1 2 2 2 2 2 2 2 2 2 2 2 2 2 2 2 2 2 2 2 2 2 2 2 2 2 2 2 2
left_child=-1 2 3 6 5 24 -2 -6 9 11 -11 -9 -10 18 16 -16 -15 -17 19 20 -5 -13 -23 -19 25 -3 -27 28 29 -4
right_child=1 4 27 13 7 -7 -8 8 12 10 -12 21 -14 14 15 17 -18 23 -20 -21 -22 22 -24 -25 -26 26 -28 -29 -30 -31
leaf_value=-0.02980419093090958 0.025596595394719437 0.011594690969754054 -0.0032372861952819588 -0.0090281236284455741 -0.0073569601388249342 -0.011413727045324422 0.0063139996799530338 0.023851958521164601 -0.0087832753612532947 -0.0073933744633485994 0.013485165679757606 -0.00061887123890035881 0.0051657385446373643 0.026557079833710705 -0.022193926397883805 0.0096301659695368531 0.0065092886653332791 0.0070130251597525827 0.011305105959781845 -0.011808293504092444 0.011752700189230421 0.02523418981776774 0.0085250068722522374 -0.014316114998594044 0.013884034454688395 0.0031258336637998074 -0.010534485590279155 -0.0092982369070389159 0.02398364272596679 -0.021122770392712591
leaf_weight=22.279084181413054 11.229033052921297 13.09526853263378 76.156719528138638 11.609430745244028 10.288912534713743 17.210457369685173 12.421648070216177 16.889807552099228 11.944404155015944 18.843361422419548 18.572722300887108 12.382309585809706 99.825602501630783 10.533037528395655 8.9332797303795797 42.546327069401741 19.876675814390182 7.1596425101160994 9.7887378484010679 20.655326634645462 11.862989485263823 10.712058708071707 26.868994846940041 8.3615883439779264 10.102258235216139 24.031981348991394 19.864377751946449 91.438317842781544 5.1826557591557494 8.0763149186968786
leaf_count=636 50 58 620 51 45 75 56 72 49 79 78 52 421 49 45 188 96 45 46 97 55 46 112 54 44 104 86 799 43 68
internal_value=0.000551143 0.00160902 -0.000804556 0.004919 0.00436749 -0.000373069 0.0161361 0.00612716 0.00680029 0.0101529 0.00305164 0.0140237 0.0036104 0.00307148 0.00573392 0.0017956 0.0140777 0.00579947 -0.00175556 -0.00483909 0.00152561 0.0102985 0.0138184 -0.00464843 0.00258503 0.000377306 -0.00315281 -0.00633874 -0.00324294 -0.00517986
internal_weight=688.743 666.464 355.832 174.978 310.633 84.3043 23.6507 226.328 216.039 104.269 37.4161 66.8532 111.77 151.327 97.4106 67.0008 30.4097 58.0676 53.9165 44.1277 23.4724 49.9634 37.5811 15.5212 67.0939 56.9916 43.8964 180.854 89.4157 84.233
internal_count=4319 3683 2362 832 1321 367 106 954 909 439 157 282 470 726 477 332 145 287 249 203 106 210 158 99 292 248 190 1530 731 688
cat_boundaries=0 1 2
cat_threshold=4 1
is_linear=0
shrinkage=0.03


Tree=77
num_leaves=31
num_cat=2
split_feature=1 5 4 5 5 3 3 3 5 1 1 6 3 5 3 5 3 6 4 5 2 3 1 3 6 3 1 1 3 1
split_gain=3.2371 5.26353 3.28057 4.36846 4.8041 3.7717 7.36135 6.06921 3.04515 2.7839 2.56215 2.53666 2.44884 3.25429 4.96268 4.07303 2.44005 4.12114 4.49023 4.15674 3.64414 2.70987 4.02061 2.76396 2.59257 2.54356 3.06682 3.66342 2.17824 2.76834
threshold=4.5000000000000009 3.5000000000000004 0 3.5000000000000004 58.500000000000007 2167902.5000000005 3120601.0000000005 1593506.0000000002 18.500000000000004 1.5000000000000002 1.5000000000000002 543.50000000000011 1206581.5000000002 71.500000000000014 1593506.0000000002 145.50000000000003 1846167.5000000002 986.50000000000011 1 42.500000000000007 1.5000000000000002 1168373.5000000002 10.500000000000002 1467645.5000000002 1051.5000000000002 2240119.5000000005 18.500000000000004 24.500000000000004 240132.50000000003 18.500000000000004
decision_type=2 2 1 2 2 2 2 2 2 2 2 2 2 2 2 2 2 2 1 2 2 2 2 2 2 2 2 2 2 2
left_child=2 11 3 -1 -5 7 -7 9 -8 -4 -10 -2 -6 -14 -15 -16 17 18 20 -20 28 -21 -23 -24 25 26 -18 -28 -3 -30
right_child=1 16 5 4 12 6 8 -9 10 -11 -12 -13 13 14 15 -17 24 -19 19 21 -22 22 23 -25 -26 -27 27 -29 29 -31
leaf_value=-0.027889377385012043 -0.00034475103579749287 0.027948755886076589 -0.011287512033093096 0.018966865877128702 0.013902877655812565 0.0182267733736193 0.0074413352853657262 -0.024914451621462157 -0.022021543888759289 0.0068009463069433652 -0.0021241778300660863 0.022139588514734184 -0.019584845522468128 -0.020907605926572453 0.014966912685620027 -0.0074501565663347806 -0.0044753277200469174 -0.011852351166119509 0.010133811549987441 -0.013244615464075796 0.0012596350266912257 0.019613076917447413 0.0065113815896046864 -0.02090977886276554 0.010688314573567779 -0.0029781763472411858 -0.036566859980013112 -0.004751675601673961 0.003566004923302351 0.01995725763286035
leaf_weight=2.0308529622852793 7.030168958008292 6.4256439581513396 11.47707185149193 28.252284429967403 15.209519430994986 20.420564297586679 13.123412426561115 11.684247944504021 8.7755864076316374 18.82550385966897 15.013106152415274 11.476734913885592 5.4101550281047812 5.3556435629725447 22.311023212969303 9.8853415511548501 22.987472807988524 19.441839646548033 13.357291258871554 32.152776440605521 54.212762894108891 5.9070830084383514 5.3497565016150457 6.3400544822216034 10.219448667019604 258.73436643183231 6.6506019718945009 6.2683192994445562 26.143861969932914 13.872203454375265
leaf_count=10 43 35 63 128 68 99 71 60 48 95 80 72 25 24 108 48 165 131 93 213 361 33 39 51 79 1793 47 45 172 92
internal_value=-2.0743e-05 -0.00126813 0.0033333 0.00708893 0.00903135 -0.000686981 0.00422125 -0.00749123 -0.0038033 -0.000191771 -0.0100565 0.0140187 0.00396697 0.000213214 0.00349957 0.00806704 -0.00187527 0.000858505 0.00243032 -0.00364697 0.00600683 -0.00819237 0.00125483 -0.00883648 -0.00351554 -0.00404268 -0.0114248 -0.0225804 0.0126712 0.00959633
internal_weight=694.345 506.57 187.774 88.4548 86.424 99.3195 57.3327 41.9868 36.9121 30.3026 23.7887 18.5069 58.1717 42.9622 37.552 32.1964 488.063 183.203 163.761 63.107 100.654 49.7497 17.5969 11.6898 304.86 294.641 35.9064 12.9189 46.4417 40.0161
internal_count=4391 3464 927 411 401 516 298 218 199 158 128 115 273 205 180 156 3349 1220 1089 429 660 336 123 90 2129 2050 257 92 299 264
cat_boundaries=0 1 2
cat_threshold=21 19
is_linear=0
shrinkage=0.03


Tree=78
num_leaves=31
num_cat=3
split_feature=0 0 1 6 5 6 2 2 6 6 4 5 6 5 6 1 5 5 5 6 6 6 5 5 6 5 6 6 5 6
split_gain=23.8109 8.2156 10.2768 2.95849 3.39835 3.03573 3.69386 2.46917 4.23046 2.2752 1.85264 2.38655 1.83706 2.86382 1.93591 1.66864 1.63088 2.84809 2.29836 2.05339 1.83948 1.94236 1.78912 1.80954 2.15382 1.54694 2.11406 3.42039 6.98898 2.3712
threshold=0 1 7.5000000000000009 75.500000000000014 68.500000000000014 136.50000000000003 3.5000000000000004 3.5000000000000004 497.50000000000006 249.50000000000003 2 14.500000000000002 342.50000000000006 62.500000000000007 407.50000000000006 7.5000000000000009 98.500000000000014 34.500000000000007 114.50000000000001 183.50000000000003 335.50000000000006 522.50000000000011 39.500000000000007 84.500000000000014 240.50000000000003 60.500000000000007 920.50000000000011 736.50000000000011 113.50000000000001 262.50000000000006
decision_type=1 1 2 2 2 2 2 2 2 2 1 2 2 2 2 2 2 2 2 2 2 2 2 2 2 2 2 2 2 2
left_child=-1 2 7 4 -3 -5 10 16 -9 -4 11 -7 13 -11 -14 -8 17 19 -18 -2 -21 -22 -19 24 -24 -12 27 29 -29 -27
right_child=1 3 9 5 -6 6 15 8 -10 12 25 -13 14 -15 -16 -17 18 22 -20 20 21 -23 23 -25 -26 26 -28 28 -30 -31
leaf_value=-0.029764301531124193 -0.0095799676262939698 -0.019067100676339929 -0.012874368093862287 0.017676682442641242 0.0056143286233079461 0.010290567633154597 -0.015418326380035961 -0.019813578231565345 0.0064993833747327995 0.017604059072302693 0.011511638541613699 -0.0033453810668529478 -0.018236691548156114 -0.0067233088293744119 -0.0049425287286767464 -0.00014897894170300244 -0.013173172496174472 0.02240700474357361 0.0031866885344529593 0.0162856336212211 -0.0097578821632343122 0.0053791840306337676 -0.0063819801319841473 0.019343112142743445 0.0098483460773613717 -0.003062940709346821 0.015353721462092582 -0.021060619973472659 0.0090966066684680918 0.0096375531916864793
leaf_weight=22.145820895209908 10.383137866854666 8.7948848903179186 42.321586728096008 16.70793716609478 9.5884497016668302 14.966271191835402 8.9573631584644335 9.606626972556116 10.659843958914278 7.0000269860029212 61.833167001605034 40.790864810347557 10.026664331555365 8.7168141379952413 115.10693276673555 18.296612709760666 8.7340259850025159 10.33600929379463 36.516772411763668 8.7008645385503751 9.2004089429974538 29.445988833904266 10.002272740006449 9.4880446493625623 21.990614742040634 16.17268306016922 16.307533875107765 12.189466252923014 13.677436247467993 62.853821456432343
leaf_count=650 48 40 345 71 41 65 40 48 52 54 260 184 83 72 1003 78 41 49 169 40 45 149 44 43 104 67 68 50 56 262
internal_value=0.000144293 0.00119236 -0.00187614 0.00483682 -0.00656817 0.00559885 0.004777 0.00331247 -0.00631856 -0.00682615 0.00597218 0.000366936 -0.00493088 0.00451663 -0.0061439 -0.00553553 0.00460584 0.00656963 -0.000187537 0.00192702 0.00459643 0.00162033 0.0116077 0.00845261 0.00473445 0.00725429 0.00559953 0.00395239 -0.00536956 0.00703262
internal_weight=681.519 659.373 358.237 301.136 18.3833 282.753 266.045 175.065 20.2665 183.172 238.791 55.7571 140.85 15.7168 125.134 27.254 154.798 109.547 45.2508 57.7304 47.3473 38.6464 51.8169 41.4809 31.9929 183.034 121.201 104.893 25.8669 79.0265
internal_count=4321 3671 2389 1282 81 1201 1130 832 100 1557 1012 249 1212 126 1086 118 732 522 210 282 234 194 240 191 148 763 503 435 106 329
cat_boundaries=0 1 2 3
cat_threshold=4 1 2
is_linear=0
shrinkage=0.03


Tree=79
num_leaves=31
num_cat=2
split_feature=0 0 1 1 3 6 5 5 5 5 3 6 3 1 5 6 6 6 1 6 3 5 6 6 3 3 5 6 3 3
split_gain=21.8094 6.60965 8.60481 5.30852 3.0355 3.50603 3.43981 2.72669 2.65713 2.19456 2.18097 2.67719 3.81774 2.73627 2.72857 2.3686 2.05946 3.60189 1.69864 3.55205 2.35832 2.97638 3.07921 2.77861 4.87296 5.31213 3.13753 2.19942 2.04066 4.56164
threshold=0 1 8.5000000000000018 9.5000000000000018 584711.00000000012 311.50000000000006 130.50000000000003 22.500000000000004 13.500000000000002 37.500000000000007 564154.50000000012 64.500000000000014 1777340.0000000002 19.500000000000004 141.50000000000003 311.50000000000006 708.50000000000011 942.50000000000011 2.5000000000000004 1023.5000000000001 276525.00000000006 7.5000000000000009 431.50000000000006 588.50000000000011 2786386.5000000005 3651386.5000000005 40.500000000000007 205.50000000000003 1241471.5000000002 1926088.0000000002
decision_type=1 1 2 2 2 2 2 2 2 2 2 2 2 2 2 2 2 2 2 2 2 2 2 2 2 2 2 2 2 2
left_child=-1 2 18 4 -3 9 7 8 -7 -6 -5 -12 15 -14 -15 -13 -9 -18 27 20 -20 -22 28 -24 26 -26 -25 -2 -23 -30
right_child=1 3 -4 10 5 6 -8 16 -10 -11 11 12 13 14 -16 -17 17 -19 19 -21 21 22 23 24 25 -27 -28 -29 29 -31
leaf_value=-0.029707042606782395 -0.0049123506189081255 0.012452984215046774 -0.0074907611112347613 -0.0018817375106598404 -0.018227406905900669 0.0033999478176671627 -0.01155447555775049 0.013899589353937827 -0.016418083887780249 -0.0028570411812332218 -0.0065195937504593906 0.029192433535746683 0.011016258701548428 0.0049433260495224717 -0.010869675332144054 0.011908273333467495 -0.0063855687099394339 0.01580527671266967 0.015031248861855249 -0.018030063156153471 0.014913443200517441 -0.020019907699779956 0.01412492910853055 0.004276023622407016 0.027185372912887997 -0.004868678685727627 -0.018677037452519713 0.00810191212319325 0.013896654317250951 -0.0098901338586366953
leaf_weight=21.733501110225916 14.001675277948378 12.47172427177429 169.27052563428879 22.089561551809311 16.309039056301117 14.091648563742639 16.033374145627022 22.343893468379974 9.370445251464842 17.02632337808609 9.8004545420408231 10.310239002108572 50.650469720363617 41.24522066116333 11.806468456983565 27.605309844017029 17.380663812160495 9.2688581049442273 8.9580743759870511 8.4757762849330884 9.5684342384338361 8.3709417730569822 13.870702214539049 7.9676938280463245 7.8458130732178715 9.2815998867154104 13.602830290794371 55.63986811041832 8.6451152563095075 28.788167655467987
leaf_count=657 62 53 1448 92 76 62 66 96 43 72 42 43 212 173 50 116 75 40 41 47 53 43 74 44 41 56 76 245 40 154
internal_value=-0.000807812 0.000169454 -0.00256214 0.00340014 -0.00107616 -0.00255131 0.000599381 0.00340954 -0.00486271 -0.0106887 0.00685113 0.00812911 0.00918145 0.00609944 0.00128821 0.0172377 0.00738901 0.00162502 0.00173219 -0.0003613 0.00106183 -0.000224825 -0.00183254 0.00310023 -0.00110768 0.0105045 -0.0103849 0.00545285 -0.00743906 -0.004178
internal_weight=693.824 672.091 364.287 307.804 134.296 121.824 88.4889 72.4555 23.4621 33.3354 173.508 151.418 141.618 103.702 53.0517 37.9155 48.9934 26.6495 195.017 125.375 116.899 107.941 98.3729 52.5686 38.6979 17.1274 21.5705 69.6415 45.8042 37.4333
internal_count=4392 3735 2424 1311 583 530 382 316 105 148 728 636 594 435 223 159 211 115 976 669 622 581 528 291 217 97 120 307 237 194
cat_boundaries=0 1 2
cat_threshold=4 1
is_linear=0
shrinkage=0.03


Tree=80
num_leaves=31
num_cat=3
split_feature=0 3 1 3 3 6 1 0 4 6 6 3 3 3 2 6 3 3 3 3 1 3 6 6 1 6 1 1 3 3
split_gain=20.7516 3.28919 3.59522 3.27264 5.80121 3.59253 3.53477 4.01523 4.61856 2.82231 3.13969 6.56697 4.72922 2.90408 2.64757 3.31737 6.65304 3.31485 4.42602 2.50858 2.53873 2.3111 2.16677 2.11695 4.6089 1.98236 1.84352 1.7946 1.78639 9.72915
threshold=0 1545146.0000000002 1.0000000180025095e-35 3597990.0000000005 3714966.0000000005 1051.5000000000002 2.5000000000000004 1 2 613.50000000000011 857.50000000000011 466807.00000000006 895933.50000000012 1423834.0000000002 3.5000000000000004 159.50000000000003 564154.50000000012 440597.00000000006 1241471.5000000002 3168309.5000000005 21.500000000000004 1906308.5000000002 954.50000000000011 362.50000000000006 17.500000000000004 330.50000000000006 4.5000000000000009 18.500000000000004 4579562.0000000009 4730258.5000000009
decision_type=1 2 2 2 2 2 2 1 1 2 2 2 2 2 2 2 2 2 2 2 2 2 2 2 2 2 2 2 2 2
left_child=-1 2 -2 6 -5 28 -3 21 23 13 11 -11 22 14 15 16 -4 25 -19 20 -10 -8 -12 -9 -25 -17 -23 -13 -6 -30
right_child=1 3 9 4 5 -7 7 8 19 10 12 27 -14 -15 -16 17 -18 18 -20 -21 -22 26 -24 24 -26 -27 -28 -29 29 -31
leaf_value=-0.02961624625610609 0.020426095555842426 0.0038522697337098283 0.017167081477434308 0.018236286280531581 0.0012236698500435242 0.018695846974013004 -0.01803840874253609 -0.0014805712093984796 0.001557184431988936 0.0097689818376359861 0.0055359674085703739 -0.008945245618431524 0.01518764205113899 0.020612481638795001 -0.010679539386062267 -0.012260036959652967 -0.016271244568679767 0.017269695834140193 -0.0055454392397131912 -0.015542063391543711 -0.014082089016217304 0.0018508220375200216 -0.01156162277975282 0.00035932737235938405 0.028150452771724597 0.0060579251593218851 -0.0087765309125762483 -0.024741130263524744 -0.022028611513937004 0.0042715657954753286
leaf_weight=20.733424883335829 9.4989158362150174 47.922192424535751 7.3393116667866733 16.416420087218285 112.02778013050556 7.8471691310405722 19.781977482140064 9.6519156396389025 39.16708442568779 13.644476145505903 10.877592802047731 21.212098643183712 18.552090331912041 9.5561326295137388 9.1122489646077138 7.9432118013501194 14.105950281023977 39.002814844250679 8.9529943689703924 15.895953863859175 11.203591346740721 17.696563512086868 14.540627576410769 10.047107413411142 10.603577271103857 12.148433342576025 77.384232081472874 9.8715808466076833 18.99140926450491 33.825743690133095
leaf_count=643 42 210 40 88 619 46 152 41 171 72 61 118 97 52 46 41 79 216 46 70 47 76 89 42 45 68 633 67 110 186
internal_value=-0.000776404 0.000180511 0.00330581 -0.00126174 0.00173428 6.96144e-05 -0.00344457 -0.00510878 -0.000584794 0.00238066 -0.00157837 -0.00709861 0.00407 0.00561202 0.00396592 0.00555868 -0.0045725 0.00877152 0.012984 -0.00481324 -0.00212776 -0.00887439 -0.00431221 0.00762288 0.0152704 -0.00142198 -0.00679988 -0.0145765 -0.000924441 -0.00541877
internal_weight=675.555 654.821 206.358 448.463 189.109 172.692 259.354 211.432 96.5692 196.86 88.6985 44.7282 43.9703 108.161 98.605 89.4927 21.4453 68.0475 47.9558 66.2666 50.3707 114.863 25.4182 30.3026 20.6507 20.0916 95.0808 31.0837 164.845 52.8172
internal_count=4313 3670 1134 2536 1049 961 1487 1277 416 1092 504 257 247 588 536 490 119 371 262 288 218 861 150 128 87 109 709 185 915 296
cat_boundaries=0 1 2 3
cat_threshold=4 1 24
is_linear=0
shrinkage=0.03


Tree=81
num_leaves=31
num_cat=3
split_feature=0 0 1 5 1 3 3 3 3 5 1 3 3 4 3 3 1 5 5 5 3 3 1 3 2 5 3 1 3 3
split_gain=22.071 4.01183 14.2352 3.32729 3.38739 4.42926 5.66418 2.87994 2.79712 8.28531 2.07768 1.89663 1.88279 1.43195 2.79277 4.05812 7.71301 2.84482 2.67778 5.86337 2.46021 3.05773 4.12695 4.24564 2.89821 5.41418 2.43924 1.88712 1.7895 2.42999
threshold=0 1 7.5000000000000009 171.50000000000003 6.5000000000000009 2099042.5000000005 2602631.5000000005 4421952.0000000009 3736343.0000000005 38.500000000000007 28.500000000000004 3120601.0000000005 1375009.5000000002 2 4311932.0000000009 1089335.0000000002 11.500000000000002 107.50000000000001 123.50000000000001 144.50000000000003 540859.00000000012 2583262.5000000005 10.500000000000002 2081608.0000000002 1.5000000000000002 62.500000000000007 2583262.5000000005 16.500000000000004 871020.00000000012 1375009.5000000002
decision_type=1 1 2 2 2 2 2 2 2 2 2 2 2 1 2 2 2 2 2 2 2 2 2 2 2 2 2 2 2 2
left_child=-1 2 11 4 5 12 -7 -8 -6 -10 13 -2 -3 14 15 27 26 -16 -18 -20 -15 22 -22 28 25 -23 -17 -4 -24 -30
right_child=1 3 10 -5 8 6 7 -9 9 -11 -12 -13 -14 20 17 16 18 -19 19 -21 21 24 23 -25 -26 -27 -28 -29 29 -31
leaf_value=-0.029553087417817678 0.0077860621958949511 -0.0039745786920796855 -0.0034028836447659375 0.018300648739696855 0.0075483467887559044 0.023156659326134831 -0.0053541287728309187 0.011710476088978751 0.016305300656886401 -0.0088053489362577095 -0.017595949548876541 0.0012485033577944631 -0.018048122972844687 -0.024158633051210261 -0.0038178253517040348 -0.0028021622963984171 -0.019637431996577377 0.026235605655057215 0.020178122800095451 -0.016978017361679629 -0.017922399932765117 0.012090600506555117 0.013343644992210579 0.026614060471506825 -0.019820933383020704 -0.018240215361084222 0.024363752548977744 0.014415275269797675 -0.018671979743589615 0.0038564554915889631
leaf_weight=20.245277464389801 110.99395700544119 23.477638944983482 8.6732334792614001 13.077366054058073 149.85198980569839 10.064914256334303 32.612819537520409 11.111387699842451 16.641684085130692 34.877349108457565 13.376338489353655 62.75847078114748 13.204718977212904 7.8931582272052756 4.993007652461527 4.7952843904495221 27.319713339209557 4.9470256716012955 5.0693009719252577 9.3850187361240369 8.1451864913105947 9.2572255432605761 4.7326811850071016 5.4600993394851676 21.921171255409718 10.016397364437578 6.1055746376514435 11.74143313616514 6.6149393767118445 9.2959740310907346
leaf_count=646 518 101 73 54 634 45 143 48 70 145 118 309 58 67 44 42 240 40 42 81 70 76 42 49 199 83 48 92 54 85
internal_value=0.000544385 0.00151325 -0.000661844 0.00402877 0.00332894 -0.00148208 0.00398052 -0.00085272 0.00548707 -0.000538083 -0.006563 0.00544539 -0.00938521 -0.00557609 -0.00179943 -0.00408078 -0.00844151 0.0121703 -0.0142604 -0.00348446 -0.00809917 -0.00718442 -0.000509502 0.00538466 -0.0125903 -0.00379436 0.0131822 0.00703977 -0.00120059 -0.00605999
internal_weight=678.66 658.415 353.495 304.92 291.843 90.4715 53.7891 43.7242 201.371 51.519 179.743 173.752 36.6824 166.366 83.0296 73.0896 52.6749 9.94003 41.774 14.4543 83.3368 75.4437 34.2489 26.1037 41.1948 19.2736 10.9009 20.4147 20.6436 15.9109
internal_count=4316 3670 2372 1298 1244 395 236 191 849 215 1545 827 159 1427 702 618 453 84 363 123 725 658 300 230 358 159 90 165 181 139
cat_boundaries=0 1 2 3
cat_threshold=4 1 5
is_linear=0
shrinkage=0.03


Tree=82
num_leaves=31
num_cat=2
split_feature=0 0 1 3 3 3 6 3 2 6 5 3 3 3 3 6 1 5 5 5 6 6 6 2 3 5 3 3 6 5
split_gain=20.0205 6.20966 5.51222 4.28137 3.53684 3.29763 3.0415 2.73195 2.50801 2.20816 2.22854 2.84934 2.36165 2.49649 2.18232 4.65541 2.26828 2.44894 3.03976 3.16938 2.05531 2.62564 3.84196 2.16843 2.74931 2.88888 2.13882 2.93892 4.56882 3.11477
threshold=0 1 6.5000000000000009 276525.00000000006 1241471.5000000002 1013685.0000000001 80.500000000000014 1410577.0000000002 1.5000000000000002 342.50000000000006 164.50000000000003 1146606.0000000002 849765.00000000012 629400.00000000012 1358864.5000000002 215.50000000000003 23.500000000000004 31.500000000000004 98.500000000000014 125.50000000000001 146.50000000000003 296.50000000000006 215.50000000000003 2.5000000000000004 3240057.5000000005 69.500000000000014 2799119.5000000005 3541527.0000000005 552.50000000000011 106.50000000000001
decision_type=1 1 2 2 2 2 2 2 2 2 2 2 2 2 2 2 2 2 2 2 2 2 2 2 2 2 2 2 2 2
left_child=-1 2 3 -2 5 8 -6 -8 -3 14 11 12 13 -11 15 -4 17 -16 -19 -20 -9 22 -22 26 25 -25 -23 -28 -29 -30
right_child=1 4 9 -5 6 -7 7 20 -10 10 -12 -13 -14 -15 16 -17 -18 18 19 -21 21 23 -24 24 -26 -27 27 28 29 -31
leaf_value=-0.029470776440933228 0.018206728623136256 0.011878153261549219 -0.020455321382881822 0.00063909677425119204 -0.010372352750120176 0.020908870282506278 -0.011534673890416111 0.013962402364742171 -3.1490012521315763e-05 0.00063918365449466667 0.0056629370526070713 -0.011023500155041522 0.01264128802361902 -0.01932872973477176 -0.0062224379835312659 0.010350309987610497 -0.0093230223808468179 0.022542186140638066 -0.01516446191487238 0.011711278166588967 0.005272843202418811 0.010816394907334806 -0.016388550139172352 -0.005732197976754898 -0.0098681686571498572 0.0165379553472207 -0.0049182902350144754 0.020351909800624009 0.0066895443495181327 -0.011942093491034526
leaf_weight=19.4929881375283 12.706710010766981 30.497995316982269 10.982004113495352 141.09418118000031 16.077837586402893 16.091474592685699 10.442164644598959 14.81378026306629 32.153575152158737 18.903445750474933 10.248586319386957 96.969848841428757 7.7941213622689238 6.9920897036790839 9.3742558732628805 6.213516227900981 9.6812129318714124 10.755484968423845 5.22119566053152 9.853512339293955 13.910198375582697 49.237557634711266 13.83682796359062 9.5136013329029101 19.259646594524384 9.7144907563924772 27.690602481365204 15.097647473216055 25.932916298508644 10.540950581431387
leaf_count=640 55 129 88 650 72 69 44 63 135 148 89 860 59 61 74 47 80 79 43 77 59 210 59 43 83 41 119 63 109 43
internal_value=-0.000260644 0.000629725 -0.00207746 0.00219874 0.00369477 0.00916014 0.00184079 0.00277628 0.00586151 -0.00531235 -0.007377 -0.00843507 -0.000881703 -0.00527058 -0.000583474 -0.00936679 0.00291218 0.00644143 0.011098 0.00203845 0.00354081 0.00268074 -0.00572355 0.00410298 -0.00210181 0.00578056 0.00596329 0.00285135 0.00703734 0.00113001
internal_weight=691.094 671.601 356.79 153.801 314.811 78.743 236.068 219.99 62.6516 202.989 140.908 130.66 33.6897 25.8955 62.0812 17.1955 44.8857 35.2044 25.8302 15.0747 209.548 194.734 27.747 166.987 38.4877 19.2281 128.5 79.2621 51.5715 36.4739
internal_count=4391 3751 2410 705 1341 333 1008 936 264 1705 1217 1128 268 209 488 135 353 273 199 120 892 829 118 711 167 84 544 334 215 152
cat_boundaries=0 1 2
cat_threshold=4 1
is_linear=0
shrinkage=0.03


Tree=83
num_leaves=31
num_cat=2
split_feature=0 0 1 6 1 2 6 1 1 2 6 6 6 6 3 3 6 6 6 3 1 1 3 6 6 6 3 3 3 3
split_gain=20.988 4.98055 7.47128 2.7889 2.58674 3.32621 3.08203 2.98897 2.14836 1.72771 2.38964 4.22772 2.39972 1.78531 1.72662 3.0479 1.60677 3.54814 2.04832 3.13683 3.90194 2.93194 2.3616 1.5733 1.56211 2.65214 4.93022 4.15364 1.67907 1.54352
threshold=0 1 4.5000000000000009 736.50000000000011 9.5000000000000018 3.5000000000000004 64.500000000000014 10.500000000000002 11.500000000000002 1.5000000000000002 736.50000000000011 512.50000000000011 326.50000000000006 795.50000000000011 3853831.0000000005 2185807.0000000005 488.50000000000006 529.50000000000011 588.50000000000011 540859.00000000012 12.500000000000002 11.500000000000002 2422432.5000000005 359.50000000000006 1051.5000000000002 857.50000000000011 4381408.0000000009 3506744.0000000005 3832123.5000000005 1437751.0000000002
decision_type=1 1 2 2 2 2 2 2 2 2 2 2 2 2 2 2 2 2 2 2 2 2 2 2 2 2 2 2 2 2
left_child=-1 2 3 14 5 -3 -6 -8 -9 13 11 12 -11 -10 15 29 -4 -18 21 20 -20 -19 -21 -17 25 26 27 -24 -27 -2
right_child=1 4 16 -5 6 -7 7 8 9 10 -12 -13 -14 -15 -16 23 17 18 19 22 -22 -23 24 -25 -26 28 -28 -29 -30 -31
leaf_value=-0.029408835616840007 0.002680296327110449 0.0031451885280374867 -0.00096006798959715454 0.011878962734569684 -0.0083479795355211172 -0.011386004716717545 0.020091488401972613 -0.0064651638473248877 0.014123414973375567 -0.00027534781654322372 0.011064937727180753 -0.012672376273654954 0.016755941378824305 0.0021590743432048126 -0.0064803949689336742 0.0036856665614538073 -0.023129403749961561 0.02200824740498224 0.019548437232149898 -0.013124394382745756 -0.0089979343351581087 -0.0054908134831462762 0.0052672147407040347 0.017696872002449154 0.010168683231744847 -0.0047482965619098337 0.024706145862527312 -0.019860951438809719 -0.022257144297495174 -0.010397466324819096
leaf_weight=19.024356212466955 23.922440901398659 120.49200357496738 108.20017851889133 39.562682062387466 10.237717449665068 15.062897279858587 15.865389406681059 9.8133489936590177 46.531864508986473 18.885289996862415 28.057832032442093 14.702202051877974 11.25810721516609 15.224788710474966 15.643272861838339 14.131375119090082 9.0043893158435804 5.1714825406670553 8.2313381731510145 41.258595876395702 7.2532319501042357 7.3261993378400803 13.182703129947191 15.284881576895712 5.6984180063009253 10.997221149504186 5.1187008172273627 9.3003234118223173 9.1051862835884076 11.082930490374563
leaf_count=642 103 520 809 174 44 68 67 42 197 79 116 62 47 64 71 61 74 36 52 350 60 62 111 65 46 93 45 80 82 48
internal_value=0.00085521 0.00176304 -0.000632225 0.00546406 0.00456858 0.00145892 0.00701687 0.00804359 0.00659153 0.00758368 0.00436326 2.04282e-05 0.00641936 0.0112553 0.00218681 0.00435832 -0.00368289 -0.00589665 -0.00445461 -0.0057662 0.00644216 0.00667566 -0.0078097 0.0113084 -0.00353782 -0.00535027 0.000744663 -0.00553041 -0.0133577 -0.00163399
internal_weight=684.631 665.607 359.476 119.628 306.131 135.555 170.577 160.339 144.473 134.66 72.9034 44.8456 30.1434 61.7567 80.0649 64.4216 239.848 131.648 122.643 110.146 15.4846 12.4977 94.6611 29.4163 53.4026 47.7041 27.6017 22.483 20.1024 35.0054
internal_count=4370 3728 2422 522 1306 588 718 674 607 565 304 188 126 261 348 277 1900 1091 1017 919 112 98 807 126 457 411 236 191 175 151
cat_boundaries=0 1 2
cat_threshold=4 1
is_linear=0
shrinkage=0.03


Tree=84
num_leaves=31
num_cat=3
split_feature=0 0 4 3 5 5 6 3 3 5 5 2 5 6 5 5 3 2 3 3 2 6 6 6 6 6 5 5 5 2
split_gain=18.155 7.75531 3.25086 3.18428 1.97314 3.47127 2.64974 2.00874 1.95726 2.26697 2.10271 2.00484 3.2277 2.86284 1.89143 1.92933 1.91357 4.09637 2.75758 4.92282 2.79414 2.16697 7.07544 1.94065 2.78075 2.31028 1.98332 1.9069 1.79904 1.98836
threshold=0 1 2 4579562.0000000009 139.50000000000003 148.50000000000003 80.500000000000014 4667427.0000000009 4441284.0000000009 142.50000000000003 147.50000000000003 1.5000000000000002 165.50000000000003 870.50000000000011 134.50000000000003 127.50000000000001 3506744.0000000005 2.5000000000000004 2461775.5000000005 1524620.0000000002 1.5000000000000002 632.50000000000011 917.50000000000011 529.50000000000011 654.50000000000011 342.50000000000006 64.500000000000014 87.500000000000014 25.500000000000004 1.5000000000000002
decision_type=1 1 1 2 2 2 2 2 2 2 2 2 2 2 2 2 2 2 2 2 2 2 2 2 2 2 2 2 2 2
left_child=-1 3 -3 8 6 -6 -4 -8 9 14 -11 12 -12 -13 15 16 18 21 19 23 -20 -18 -23 25 -25 26 -2 28 -26 -30
right_child=1 2 4 -5 5 -7 7 -9 -10 10 11 13 -14 -15 -16 -17 17 -19 20 -21 -22 22 -24 24 27 -27 -28 -29 29 -31
leaf_value=-0.029333670523435634 0.0078089320833493008 -0.0019495834664534871 -0.0052370892015569702 -0.012444663569706848 -0.015106607185843638 0.0039252526962802814 0.0089244985071180519 -0.0030660694357072366 0.01086338626497086 -0.023132965091463849 0.0096335276381297567 -0.016839892584952096 -0.011662526824960658 0.0063105965825403587 0.011123363527471347 -0.014013458535057699 0.0041226977477002592 -0.020513378989301903 -0.0013617953761904764 -0.0097178937211808009 0.011610320268309653 -0.026601931343183585 0.015379848574082413 0.020049322703725794 -0.0033211180021393643 -0.011855167134132646 -0.0097412300829723426 -0.010692818979217962 0.024761858509375012 0.002606220251885949
leaf_weight=18.426721787080169 19.129046097397808 73.623393535614014 14.257470309734343 28.215549811720848 9.6057422012090665 45.19815981388092 152.2367447912693 13.219182491302488 9.2075056061148626 6.2800217047333708 14.035911522805693 18.976567000150684 10.161180526018141 5.7440574243664733 9.5866383686661703 10.183499112725256 23.987273350358009 12.599412128329275 28.01470348238945 48.873793251812458 30.574045732617378 8.1944427788257581 5.1130180805921546 9.6047596707940084 10.187378294765955 13.950703218579291 7.1880493313074103 6.9707167893648139 5.8204848468303672 8.4078058898448926
leaf_count=640 114 333 60 199 40 187 640 54 65 44 92 143 67 41 67 70 149 89 184 331 200 66 36 62 70 88 48 49 39 61
internal_value=-0.000750364 9.19183e-05 0.0035589 -0.00295313 0.00515313 0.000378516 0.00688416 0.00795384 -0.00208759 -0.00250119 -0.00796422 -0.00559246 0.000582659 -0.0114245 -0.00130794 -0.00182955 -0.00125326 -0.00641582 0.000138239 -0.00229421 0.00548883 -0.00124189 -0.0105241 0.00223468 0.00675478 -0.0024188 0.00283429 0.00219298 0.00614786 0.0127005
internal_weight=677.574 659.147 308.141 351.007 234.517 54.8039 179.713 165.456 322.791 313.584 55.1977 48.9177 24.1971 24.7206 258.386 248.799 238.616 49.8941 188.721 130.133 58.5887 37.2947 13.3075 81.2589 40.9911 40.2678 26.3171 31.3864 24.4157 14.2283
internal_count=4328 3688 1314 2374 981 227 754 694 2175 2110 387 343 159 184 1723 1656 1586 340 1246 862 384 251 102 531 281 250 162 219 170 100
cat_boundaries=0 1 2 3
cat_threshold=4 1 2
is_linear=0
shrinkage=0.03


Tree=85
num_leaves=31
num_cat=3
split_feature=0 3 5 5 3 5 0 4 5 6 5 5 6 5 3 3 3 3 6 2 6 2 5 5 5 3 3 3 3 2
split_gain=18.636 2.7874 4.70071 2.85797 2.5143 3.35832 3.51643 3.67944 2.43583 3.96586 2.31839 2.52491 2.16642 2.54996 1.90972 4.30017 3.06202 4.3311 1.64743 4.22493 2.31989 1.624 6.32326 3.30156 2.92834 2.3784 2.21768 4.19315 3.64315 6.33355
threshold=0 4579562.0000000009 13.500000000000002 130.50000000000003 4250783.0000000009 168.50000000000003 1 2 65.500000000000014 905.50000000000011 96.500000000000014 141.50000000000003 891.50000000000011 137.50000000000003 3120601.0000000005 3618779.5000000005 918942.50000000012 1296706.5000000002 743.50000000000011 1.5000000000000002 401.50000000000006 1.5000000000000002 154.50000000000003 149.50000000000003 131.50000000000003 481606.50000000006 2099042.5000000005 1524620.0000000002 3470459.5000000005 2.5000000000000004
decision_type=1 2 2 2 2 2 1 1 2 2 2 2 2 2 2 2 2 2 2 2 2 2 2 2 2 2 2 2 2 2
left_child=-1 4 -3 -4 5 6 21 8 9 -8 14 -12 13 -10 16 -16 -9 -18 19 20 -6 22 25 24 26 -2 27 -23 -28 -30
right_child=1 2 3 -5 18 -7 7 10 12 -11 11 -13 -14 -15 15 -17 17 -19 -20 -21 -22 23 -24 -25 -26 -27 28 -29 29 -31
leaf_value=-0.029262679311487724 0.01143957397026725 0.014460757838535223 -0.013030161170587234 0.0037342226824567597 0.023886470443849051 -0.0086457998585702002 0.018184152333257753 -0.0087732452633537232 -0.0011103630083292165 -0.0031725479330126346 0.015428077382764232 -0.0028308054070116466 0.017457229986833533 0.011398293479022775 -0.022065514753691968 0.0018561315802702537 0.022058692371121128 0.00022866592080725284 0.016470814018979499 -0.00856063669368721 0.0010996815138066072 -0.0016646129784811889 0.022999484445469853 -0.0154299667508639 0.012949370205113683 -0.0016925078401061413 0.0069786285309125159 -0.018709105920605523 0.0081131083740717605 -0.024424683342857505
leaf_weight=17.854696840047836 12.942555502057074 8.2185321971774083 36.301010243594646 11.625572159886358 8.4060253649950045 29.4659169241786 35.741950288414955 20.710330814123154 46.427274629473686 9.6018704473972303 15.353753328323366 11.22778771817684 9.6446283310651761 20.338967189192772 11.072672098875048 15.056729912757872 9.2972608208656293 39.878259673714638 14.388426050543783 12.523607917129992 7.1999545022845259 47.197265788912773 10.489776752889155 15.628761067986487 10.955355718731878 112.14036466926336 38.312296628952026 17.044675767421722 9.8967933952808398 9.9033558219671232
leaf_count=636 80 46 206 66 40 168 152 90 194 41 64 47 41 84 52 65 40 177 79 74 42 314 67 115 79 747 257 117 74 75
internal_value=0.000144669 0.000987114 -0.00534752 -0.00897041 0.00158694 0.0010436 0.00159875 0.00423069 0.00761463 0.0136908 0.000203056 0.00789269 0.00486226 0.00281211 -0.00196428 -0.00872066 0.000649234 0.00471329 0.00853401 0.00404823 0.0140729 -0.00066859 0.00170067 -0.00282219 -0.00124022 -0.000253754 -0.0026054 -0.00640431 0.0016315 -0.00855302
internal_weight=674.846 656.992 56.1451 47.9266 600.847 558.329 528.863 244.351 121.755 45.3438 122.597 26.5815 76.4109 66.7662 96.0153 26.1294 69.8859 49.1755 42.518 28.1296 15.606 284.511 135.573 148.939 133.31 125.083 122.354 64.2419 58.1124 19.8001
internal_count=4329 3693 318 272 3375 3140 2972 1047 512 193 535 111 319 278 424 117 307 217 235 156 82 1925 894 1031 916 827 837 431 406 149
cat_boundaries=0 1 2 3
cat_threshold=4 1 28
is_linear=0
shrinkage=0.03


Tree=86
num_leaves=31
num_cat=3
split_feature=0 0 1 4 5 3 3 3 5 2 3 3 3 3 5 3 5 1 3 3 3 1 3 5 5 5 3 3 3 3
split_gain=17.6396 3.34487 5.17366 8.55442 5.39078 4.40731 8.23717 2.20784 3.50616 4.63784 2.98595 2.1072 2.09313 3.33171 3.82893 2.9425 2.64129 1.99267 4.99466 4.89995 2.77096 3.28269 1.70967 1.64967 3.52356 1.97438 2.61514 2.516 5.04151 5.74555
threshold=0 1 6.5000000000000009 2 57.500000000000007 3853831.0000000005 2698695.5000000005 4097428.5000000005 121.50000000000001 2.5000000000000004 4421952.0000000009 1612707.0000000002 1524620.0000000002 1358864.5000000002 149.50000000000003 2064474.5000000002 109.50000000000001 10.500000000000002 3541527.0000000005 2768516.0000000005 2357366.0000000005 27.500000000000004 1973674.5000000002 173.50000000000003 141.50000000000003 128.50000000000003 260758.00000000003 960669.00000000012 1241471.5000000002 1410577.0000000002
decision_type=1 1 2 1 2 2 2 2 2 2 2 2 2 2 2 2 2 2 2 2 2 2 2 2 2 2 2 2 2 2
left_child=-1 2 3 4 -2 6 22 12 9 10 -9 -5 13 14 16 -14 -4 18 19 -17 -19 -22 -6 24 25 26 -3 -28 -29 -30
right_child=1 23 7 11 5 -7 -8 8 -10 -11 -12 -13 15 -15 -16 17 -18 20 -20 -21 21 -23 -24 -25 -26 -27 27 28 29 -31
leaf_value=-0.029212850153872476 0.022270206856892495 0.017439450723315358 -0.0044327395649480673 0.0023313431762104807 0.0048062649935510862 -0.012876480601468111 0.027991049465626579 0.01683582275597828 0.016113713002174915 -0.024960498466609023 -0.0063747143030652847 -0.0084844512850543799 -0.019209390711708747 0.015170621997936477 -0.020660630127077952 -0.007240926650462034 0.01231805032474983 0.0077674616071658669 -0.01794105771423999 0.023840508111590525 -0.014790857199236094 0.0054451489736899806 -0.0096813868540381806 0.013312112130082085 -0.0058343407654166358 0.013878307887697641 -0.0058898524262069396 0.020364098628896338 -0.020103495165780378 0.0033472945203519948
leaf_weight=17.591279327869415 21.971716865897179 9.6738317310810071 38.16784480959177 23.000034376978874 23.947061210870743 9.4697348326444608 13.017669364809988 7.6795745864510598 10.183118999004362 5.9616013020277014 10.857610844075678 51.139141842722893 18.925856396555901 7.9746170490980139 9.7396344766020757 7.664951525628573 9.8141706511378271 6.9458176195621482 7.503744199872016 9.097705624997614 43.212710335850716 8.0828659981489164 9.3846439570188505 11.836975917220114 40.262174144387245 14.956420078873633 28.992484658956528 13.683047279715536 8.9678105413913709 167.28974813222885
leaf_count=645 95 42 301 106 105 44 57 60 82 58 97 248 179 63 82 62 80 64 55 68 384 71 43 49 166 62 123 59 38 724
internal_value=-0.000400107 0.000424097 -0.00154251 0.00262921 0.00888048 0.00487372 0.00869565 -0.00468059 0.00215727 -0.00404828 0.00361049 -0.00453868 -0.00610393 -0.00189139 -0.00446682 -0.0087872 -0.000825024 -0.00619513 0.00100632 0.0100206 -0.00916196 -0.011559 0.000564039 0.00277429 0.00228961 0.0036509 0.00292425 0.0022065 0.0034667 0.00204746
internal_weight=666.996 649.404 353.742 151.93 77.7908 55.8191 46.3494 201.812 34.6819 24.4988 18.5372 74.1392 167.13 65.6963 57.7216 101.434 47.982 82.5078 24.2664 16.7627 58.2414 51.2956 33.3317 295.662 283.826 243.563 228.607 218.933 189.941 176.258
internal_count=4312 3667 2404 698 344 249 205 1706 297 215 157 354 1409 526 463 883 381 704 185 130 519 455 148 1263 1214 1048 986 944 821 762
cat_boundaries=0 1 2 3
cat_threshold=4 1 13
is_linear=0
shrinkage=0.03


Tree=87
num_leaves=31
num_cat=2
split_feature=0 0 1 5 6 6 6 2 1 5 6 1 6 2 6 1 1 1 5 6 5 5 1 5 5 1 5 5 1 6
split_gain=18.2322 6.60479 8.2173 3.65154 3.64512 4.44284 2.75043 2.71031 3.01714 4.84492 3.75198 2.65081 3.99171 2.63622 2.48431 2.46913 2.38953 3.97343 3.72293 4.71725 3.04448 4.79775 2.66676 2.31599 2.24235 2.11315 2.38915 2.10372 5.21795 3.27659
threshold=0 1 4.5000000000000009 3.5000000000000004 75.500000000000014 124.50000000000001 832.50000000000011 2.5000000000000004 24.500000000000004 19.500000000000004 435.50000000000006 23.500000000000004 296.50000000000006 1.5000000000000002 891.50000000000011 8.5000000000000018 13.500000000000002 15.500000000000002 93.500000000000014 296.50000000000006 85.500000000000014 139.50000000000003 8.5000000000000018 37.500000000000007 111.50000000000001 9.5000000000000018 139.50000000000003 25.500000000000004 9.5000000000000018 266.50000000000006
decision_type=1 1 2 2 2 2 2 2 2 2 2 2 2 2 2 2 2 2 2 2 2 2 2 2 2 2 2 2 2 2
left_child=-1 2 -2 -4 -3 -6 7 8 9 -5 -10 12 15 -7 27 -9 18 -18 19 -11 -19 24 -21 -16 -22 26 -20 28 -15 -29
right_child=1 4 3 6 5 13 -8 11 10 16 -12 -13 -14 14 23 -17 17 20 25 22 21 -23 -24 -25 -26 -27 -28 29 -30 -31
leaf_value=-0.029158953743394781 0.0048297514842801882 -0.0080846962533171526 0.014234711685503448 -0.013784488095922764 0.021028489911830029 0.0073671354355616487 -0.011488587815882106 0.01333231068945607 0.00056234357466484867 -0.00037638012318283345 -0.023564198040349985 0.005019031312624901 -0.020541507228714232 -0.0066099485702394954 -0.0010355595853112352 -0.010591137923127348 -0.021993480674377876 -0.0097614731910488136 -0.019963588178021515 0.031909973066373963 0.0049931420796365273 -0.0071115521823996181 0.0082798634829709655 0.016307287641448339 0.032100277946302991 0.009564963419777325 0.003749579122920997 -0.014627524808563249 0.019329368357660713 7.4074042586614962e-05
leaf_weight=17.250249765813351 119.51547758281231 18.766545847058296 7.8194495663046828 16.582084782421589 14.323781803250311 134.63505740463734 52.337707549333572 5.8003848493099204 11.753825813531877 12.922220066189764 10.36772635579109 8.2462296485900861 23.388149037957191 12.857941627502443 11.371285662055017 8.0509648174047452 6.4901897609233847 11.170703560113909 7.1358315199613589 11.047186806797983 5.1310092583298701 8.8236084505915624 8.1072002500295621 16.302379310131073 6.2144131362438202 7.8259227871894828 6.7102174833416939 15.841353535652159 13.334997504949568 71.809026494622231
leaf_count=650 525 84 53 131 60 574 450 34 96 80 93 76 200 60 50 75 57 96 45 62 43 73 67 68 51 64 39 68 56 303
internal_value=0.000424196 0.00123461 -0.00155339 -0.00479372 0.00443378 0.00526752 -0.00550529 -0.00366876 -0.00143783 0.000659013 -0.0112752 -0.00989029 -0.0132367 0.00437708 0.0015007 -0.000349812 0.00339494 -0.00234878 0.0074066 0.0137436 0.00227375 0.00908575 0.0228155 0.00939342 0.0212385 -0.00216526 -0.00899299 -0.000482988 0.00682112 -0.00271803
internal_weight=681.933 664.683 355.441 235.925 309.242 290.476 228.106 175.768 130.282 108.161 22.1216 45.4857 37.2395 276.152 141.517 13.8513 91.5785 37.8299 53.7486 32.0766 31.3397 20.169 19.1544 27.6737 11.3454 21.672 13.846 113.843 26.1929 87.6504
internal_count=4383 3733 2410 1885 1323 1239 1832 1382 997 808 189 385 309 1179 605 109 677 320 357 209 263 167 129 118 94 148 84 487 116 371
cat_boundaries=0 1 2
cat_threshold=4 1
is_linear=0
shrinkage=0.03


Tree=88
num_leaves=31
num_cat=2
split_feature=0 0 1 5 6 6 3 3 3 3 5 5 5 5 2 5 6 1 1 1 3 6 1 6 5 5 3 5 3 1
split_gain=17.9618 3.6619 4.80192 3.30771 2.42136 3.77196 2.0292 2.57098 1.76705 5.55172 2.71043 5.87947 4.30121 3.8167 3.11325 2.92394 2.21705 2.11933 6.23876 3.8967 2.68195 2.54955 3.09628 2.41172 1.76664 1.70854 1.70666 2.95276 2.65201 1.64108
threshold=0 1 2.5000000000000004 25.500000000000004 155.50000000000003 278.50000000000006 4579562.0000000009 4311932.0000000009 3853831.0000000005 3597990.0000000005 126.50000000000001 108.50000000000001 117.50000000000001 134.50000000000003 2.5000000000000004 102.50000000000001 562.50000000000011 13.500000000000002 10.500000000000002 23.500000000000004 1388711.5000000002 824.50000000000011 7.5000000000000009 776.50000000000011 103.50000000000001 50.500000000000007 1777340.0000000002 158.50000000000003 1013685.0000000001 17.500000000000004
decision_type=1 1 2 2 2 2 2 2 2 2 2 2 2 2 2 2 2 2 2 2 2 2 2 2 2 2 2 2 2 2
left_child=-1 2 -2 4 -4 -6 7 8 9 10 11 15 -13 -12 26 17 -16 18 21 20 -19 22 25 -21 -11 -5 28 -28 -15 -10
right_child=1 -3 3 6 5 -7 -8 -9 29 24 13 12 -14 14 16 -17 -18 19 -20 23 -22 -23 -24 -25 -26 -27 27 -29 -30 -31
leaf_value=-0.029121392283328728 0.0060741802828705865 0.0035780789966395063 -0.02406304853789103 0.014151151202884009 0.012269358317189042 -0.0092201379547445193 -0.010951077777141348 0.013582417701795529 -0.015505785643030083 0.006227816554285827 -0.025659964539284433 0.031570035639235605 0.00035155043698567069 -0.0023295922637842871 -0.02560529617912664 -0.019986690401588056 -0.0019034993131670874 -0.00085603970045746098 0.025831158748566473 -0.0039745331492102749 -0.02357559390564061 -0.016978420654999316 -0.012683374713975413 0.020796412620038306 0.030251228777236353 -0.000583992158417326 -0.017873081072350826 0.0070654484685546692 0.019727342936980335 0.0014179201041932686
leaf_weight=17.123166041448712 69.733706429600716 301.26627044379711 7.0554135069251052 13.839421793818476 7.6709696128964415 51.141739055514336 15.564933091402052 10.769063286483286 12.256811432540418 5.8577613458037359 7.1744918897747985 8.2204647585749608 7.0179835781455031 10.606858044862749 6.9675772339105588 6.108700916171073 6.7215742096304893 7.9339967221021714 8.4839675575494748 7.955719977617262 10.667255654931067 6.509817272424697 8.4932001605629903 5.0195561125874519 5.5945165753364563 13.401817128062246 7.5521043762564641 7.7315150052309036 7.8404129520058623 8.1850399002432805
leaf_count=665 309 1288 47 65 48 379 124 80 83 42 55 63 54 76 58 49 57 66 73 70 100 40 68 43 38 64 63 58 55 69
internal_value=0.000340178 0.00115565 -0.000921453 -0.00266459 -0.00849739 -0.00625898 -0.000858895 -2.66653e-05 -0.000864475 0.000159915 -0.0013495 0.0015037 0.0180996 -0.00669615 -0.0033563 -0.00152711 -0.0148892 6.645e-05 0.00384037 -0.00592819 -0.0144231 -0.00107127 0.00220988 0.00641063 0.0194503 0.00713794 0.0016181 -0.00559829 0.00757734 -0.00897934
internal_weight=670.466 653.343 352.076 282.343 65.8681 58.8127 216.475 200.91 190.141 169.699 158.246 103.652 15.2384 54.5945 47.42 88.4135 13.6892 82.3048 50.7282 31.5765 18.6013 42.2443 35.7344 12.9753 11.4523 27.2412 33.7309 15.2836 18.4473 20.4419
internal_count=4349 3684 2396 2087 474 427 1613 1489 1409 1257 1177 755 117 422 367 638 115 589 310 279 166 237 197 113 80 129 252 121 131 152
cat_boundaries=0 1 2
cat_threshold=4 1
is_linear=0
shrinkage=0.03


end of trees

feature_importances:
ticket_size_paise=674
days_since_last_success=585
mandate_age_days=576
days_to_payday=416
failure_reason_code=181
attempt_number=139
merchant_category_code=99

parameters:
[boosting: gbdt]
[objective: binary]
[metric: auc]
[tree_learner: serial]
[device_type: cpu]
[data_sample_strategy: bagging]
[data: ]
[valid: ]
[num_iterations: 3000]
[learning_rate: 0.03]
[num_leaves: 31]
[num_threads: 1]
[seed: 42]
[deterministic: 1]
[force_col_wise: 0]
[force_row_wise: 1]
[histogram_pool_size: -1]
[max_depth: -1]
[min_data_in_leaf: 40]
[min_sum_hessian_in_leaf: 0.001]
[bagging_fraction: 0.8]
[pos_bagging_fraction: 1]
[neg_bagging_fraction: 1]
[bagging_freq: 1]
[bagging_seed: 42]
[bagging_by_query: 0]
[feature_fraction: 0.9]
[feature_fraction_bynode: 1]
[feature_fraction_seed: 42]
[extra_trees: 0]
[extra_seed: 12879]
[early_stopping_round: 0]
[early_stopping_min_delta: 0]
[first_metric_only: 0]
[max_delta_step: 0]
[lambda_l1: 0]
[lambda_l2: 1]
[linear_lambda: 0]
[min_gain_to_split: 0]
[drop_rate: 0.1]
[max_drop: 50]
[skip_drop: 0.5]
[xgboost_dart_mode: 0]
[uniform_drop: 0]
[drop_seed: 17869]
[top_rate: 0.2]
[other_rate: 0.1]
[min_data_per_group: 100]
[max_cat_threshold: 32]
[cat_l2: 10]
[cat_smooth: 10]
[max_cat_to_onehot: 4]
[top_k: 20]
[monotone_constraints: ]
[monotone_constraints_method: basic]
[monotone_penalty: 0]
[feature_contri: ]
[forcedsplits_filename: ]
[refit_decay_rate: 0.9]
[cegb_tradeoff: 1]
[cegb_penalty_split: 0]
[cegb_penalty_feature_lazy: ]
[cegb_penalty_feature_coupled: ]
[path_smooth: 0]
[interaction_constraints: ]
[verbosity: -1]
[saved_feature_importance_type: 0]
[use_quantized_grad: 0]
[num_grad_quant_bins: 4]
[quant_train_renew_leaf: 0]
[stochastic_rounding: 1]
[linear_tree: 0]
[max_bin: 255]
[max_bin_by_feature: ]
[min_data_in_bin: 3]
[bin_construct_sample_cnt: 200000]
[data_random_seed: 175]
[is_enable_sparse: 1]
[enable_bundle: 1]
[use_missing: 1]
[zero_as_missing: 0]
[feature_pre_filter: 1]
[pre_partition: 0]
[two_round: 0]
[header: 0]
[label_column: ]
[weight_column: ]
[group_column: ]
[ignore_column: ]
[categorical_feature: 0,4]
[forcedbins_filename: ]
[precise_float_parser: 0]
[parser_config_file: ]
[objective_seed: 16083]
[num_class: 1]
[is_unbalance: 0]
[scale_pos_weight: 1]
[sigmoid: 1]
[boost_from_average: 1]
[reg_sqrt: 0]
[alpha: 0.9]
[fair_c: 1]
[poisson_max_delta_step: 0.7]
[tweedie_variance_power: 1.5]
[lambdarank_truncation_level: 30]
[lambdarank_norm: 1]
[label_gain: ]
[lambdarank_position_bias_regularization: 0]
[eval_at: ]
[multi_error_top_k: 1]
[auc_mu_weights: ]
[num_machines: 1]
[local_listen_port: 12400]
[time_out: 120]
[machine_list_filename: ]
[machines: ]
[gpu_platform_id: -1]
[gpu_device_id: -1]
[gpu_device_id_list: ]
[gpu_use_dp: 0]
[num_gpu: 1]

end of parameters

pandas_categorical:null
